Sample ID,O2 umol/kg,O2 flag,,Column C asssigns QC
10101,212.368,2,,2 for good
10102,212.346,6,,3 for questionable
10103,-999,9,,4 for bad
10104,221.898,2,,6 for duplicate
10105,237.83,2,,"5 for sampled, not analyzed"
10106,255.276,2,,9 for not sampled
10107,277.533,2,,
10108,-999,9,,
10109,-999,9,,
10110,313.468,2,,
10111,313.777,2,,
10112,314.398,2,,
10113,315.33,2,,
10114,-999,9,,
10115,-999,9,,
10116,-999,9,,
10117,-999,9,,
10118,-999,9,,
10119,-999,9,,
10120,-999,9,,
10121,-999,9,,
10122,-999,9,,
10123,-999,9,,
10124,-999,9,,
20101,177.972,2,,
20102,177.147,2,,
20103,176.767,6,,
20104,178.678,2,,
20105,182.203,3,,
20106,186.623,2,,
20107,193.23,2,,
20108,199.191,2,,
20109,218.796,2,,
20110,246.843,2,,
20111,274.02,2,,
20112,295.337,2,,
20113,311.92,2,,
20114,317.569,2,,
20115,318.373,2,,
20116,319.229,2,,
20117,318.93,2,,
20118,319.953,2,,
20119,319.859,2,,
30101,196.352,2,,
30102,196.416,2,,
30103,195.458,3,,
30104,189.07,6,,
30105,184.421,2,,
30106,180.514,2,,
30107,193.137,3,,
30108,176.354,2,,
30109,177.368,2,,
30110,177.458,2,,
30111,182.281,2,,
30112,198.089,2,,
30113,209.215,2,,
30114,231.908,2,,
30115,256.013,2,,
30116,284.268,2,,
30117,300.956,2,,
30118,314.095,6,,
30119,318.735,2,,
30120,318.648,2,,
30121,319.79,2,,
40101,210.466,2,,
40102,204.69,2,,
40103,201.234,2,,
40104,194.518,2,,
40105,189.24,6,,
40105,188.978,2,,
40106,187.257,2,,
40107,183.999,2,,
40108,180.02,2,,
40109,180.013,2,,
40110,178.559,3,,
40111,178.38,2,,
40112,177.338,3,,
40113,180.06,2,,
40114,188.58,2,,
40115,204.06,6,,
40116,219.67,2,,
40117,234.433,2,,
40118,260.116,2,,
40119,283.711,2,,
40120,304.468,2,,
40121,316.089,2,,
40122,318.623,2,,
40123,318.509,2,,
40124,318.398,2,,
50101,223.212,2,,
50102,212.071,2,,
50103,210.545,2,,
50104,207.018,2,,
50105,200.263,2,,
50106,196.251,6,,
50107,209.411,3,,
50108,188.387,2,,
50109,184.547,2,,
50110,179.958,2,,
50111,177.778,2,,
50112,176.413,2,,
50113,176.846,2,,
50114,179.328,2,,
50115,186.597,2,,
50116,196.497,6,,
50117,212.982,2,,
50118,239.983,2,,
50119,267.314,2,,
50120,288.389,2,,
50121,321.155,2,,
50122,322.09,2,,
50123,-999,5,,
50124,321.614,2,,
60101,225.796,2,,
60102,221.458,2,,
60103,216.961,2,,
60104,212.883,2,,
60105,208.31,2,,
60106,204.415,2,,
60107,200.989,6,,
60108,197.271,2,,
60109,195.525,2,,
60110,190.851,2,,
60111,188.48,3,,
60112,183.362,2,,
60113,186.634,2,,
60114,186.307,2,,
60115,191.118,2,,
60116,202.083,3,,
60117,227.841,6,,
60118,266.776,2,,
60119,284.092,2,,
60120,305.794,2,,
60121,-999,5,,
60122,321.073,2,,
60123,321.821,2,,
60124,321.26,2,,
70101,227.693,2,,
70102,218.516,2,,
70103,216.546,2,,
70104,210.046,2,,
70105,205.321,2,,
70106,202.735,3,,
70107,197.547,2,,
70108,209.766,3,,
70109,190.152,6,,
70110,185.53,2,,
70111,181.479,2,,
70112,180.184,2,,
70113,177.455,2,,
70114,178.436,2,,
70115,180.996,2,,
70116,200.01,2,,
70117,243.748,2,,
70118,265.144,2,,
70119,275.297,2,,
70120,288.344,2,,
70121,299.943,2,,
70122,314.024,2,,
70123,320.021,2,,
70124,321.741,2,,
80101,234.102,2,,
80102,230.36,2,,
80103,-999,5,,
80104,222.264,2,,
80105,219.12,2,,
80106,214.445,2,,
80107,210.037,2,,
80108,205.715,2,,
80109,199.943,2,,
80110,195.3,2,,
80111,191.04,6,,
80112,185.849,2,,
80113,181.95,2,,
80114,179.401,2,,
80115,176.176,2,,
80116,181.213,2,,
80117,193.267,2,,
80118,230.149,2,,
80119,280.798,2,,
80120,303.38,2,,
80121,312.262,6,,
80122,320.499,2,,
80123,328.033,2,,
80124,328.508,2,,
90101,238.98,2,,
90102,229.99,2,,
90103,224.074,2,,
90104,221.807,2,,
90105,218.193,2,,
90106,214.74,2,,
90107,210.412,6,,
90108,205.174,2,,
90109,200.474,2,,
90110,194.433,4,,
90111,185.55,2,,
90112,183.151,2,,
90113,179.526,2,,
90114,177.165,2,,
90115,171.383,2,,
90116,180.893,2,,
90117,182.069,6,,
90118,206.339,2,,
90119,259.317,2,,
90120,295.157,2,,
90121,309.538,2,,
90122,322.467,3,,
90123,323.026,3,,
90124,329.3,4,,
100101,-999,5,,
100102,226.753,2,,
100103,222.276,2,,
100104,217.512,2,,
100105,210.13,2,,
100106,204.019,2,,
100107,199.578,2,,
100108,200.776,2,,
100109,201.607,2,,
100110,177.04,2,,
100111,171.67,2,,
100112,172.421,3,,
100113,174.528,3,,
100114,183.797,6,,
100115,207.322,2,,
100116,240.138,2,,
100117,250.481,2,,
100118,264.686,2,,
100119,292.153,2,,
100120,293.742,2,,
100121,293.785,2,,
100122,294.241,2,,
100123,294.383,2,,
100124,293.54,2,,
110201,230.546,2,,
110202,223.688,2,,
110203,220.978,6,,
110204,218.5,2,,
110205,212.36,2,,
110206,206.753,2,,
110207,201.139,2,,
110208,208.703,2,,
110209,208.963,2,,
110210,203.988,2,,
110211,173.3,2,,
110212,179.169,4,,
110213,170.679,2,,
110214,178.382,2,,
110215,194.504,2,,
110216,218.373,6,,
110217,256.531,2,,
110218,288.624,2,,
110219,298.862,2,,
110220,305.454,2,,
110221,305.825,2,,
110222,304.051,2,,
110223,302.014,2,,
110224,296.461,2,,
120101,231.497,2,,
120102,223.22,2,,
120103,221.891,3,,
120104,216.282,6,,
120105,207.517,2,,
120106,204.027,2,,
120107,210.896,3,,
120108,204.811,2,,
120109,189.633,2,,
120110,175.132,2,,
120111,181.13,2,,
120112,198.895,2,,
120113,217.688,2,,
120114,245.503,2,,
120115,259.957,2,,
120116,267.135,2,,
120117,259.973,2,,
120118,247.787,6,,
120119,255.438,2,,
120120,254.639,2,,
120121,255.963,2,,
120122,263.29,2,,
120123,264.305,2,,
120124,263.839,2,,
130101,226.277,2,,
130102,221.78,2,,
130103,219.795,2,,
130104,214.806,2,,
130105,207.742,2,,
130106,202.622,2,,
130107,202.581,2,,
130108,200.008,6,,
130109,184.26,2,,
130110,173.997,2,,
130111,175.43,2,,
130112,181.4,4,,
130113,194.78,2,,
130114,215.191,2,,
130115,239.959,2,,
130116,258.222,2,,
130117,268.2,2,,
130118,276.633,2,,
130119,275.071,6,,
130120,273.153,2,,
130121,289.822,2,,
130122,290.888,2,,
130123,287.778,2,,
130124,291.49,4,,
140101,231.703,2,,
140102,222.701,2,,
140103,220.904,2,,
140104,214.95,6,,
140105,207.699,2,,
140106,200.489,2,,
140107,188.035,3,,
140108,201.454,2,,
140109,185.037,2,,
140110,176.567,2,,
140111,185.26,2,,
140112,202.905,2,,
140113,222.122,2,,
140114,246.442,2,,
140115,261.107,2,,
140116,266.951,2,,
140117,261.546,2,,
140118,258.328,2,,
140119,253.534,2,,
140120,252.168,2,,
140121,253.217,2,,
140122,263.152,2,,
140123,266.397,2,,
140124,265.786,2,,
150201,222.362,2,,
150202,221.12,2,,
150203,218.404,6,,
150204,212.443,2,,
150205,204.825,2,,
150206,199.448,2,,
150207,189.946,2,,
150208,209.638,2,,
150209,188.149,2,,
150210,176.646,2,,
150211,181.62,3,,
150212,194.48,2,,
150213,216.066,6,,
150214,239.87,2,,
150215,257.94,2,,
150216,265.826,2,,
150217,259.459,2,,
150218,260.32,2,,
150219,251.865,2,,
150220,247.391,2,,
150221,246.51,2,,
150222,253.462,2,,
150223,264.179,2,,
150224,267.003,2,,
160101,223.752,2,,
160102,220.86,2,,
160103,217.301,2,,
160104,210.783,2,,
160105,203.617,2,,
160106,205.787,2,,
160107,209.751,2,,
160108,194.981,2,,
160109,178.319,2,,
160110,178.002,2,,
160111,189.193,2,,
160112,206.683,6,,
160113,229.401,2,,
160114,252.877,2,,
160115,263.909,2,,
160116,268.402,2,,
160117,257.971,2,,
160118,253.84,2,,
160119,250.074,2,,
160120,255.281,2,,
160121,253.524,2,,
160122,278.151,2,,
160123,279.226,2,,
160124,277.857,6,,
170101,222.164,2,,
170102,221.21,2,,
170103,217.917,2,,
170104,210.63,2,,
170105,205.34,2,,
170106,206.435,2,,
170107,204.24,6,,
170108,192.738,2,,
170109,181.513,2,,
170110,176.271,2,,
170111,187.08,2,,
170112,200.609,2,,
170113,222.263,2,,
170114,245.563,2,,
170115,260.489,2,,
170116,266.8,2,,
170117,260.326,6,,
170118,251.387,3,,
170119,253.018,2,,
170120,255.48,2,,
170121,258.665,2,,
170122,266.942,2,,
170123,266.372,2,,
170124,267.306,2,,
180101,221.282,2,,
180102,217.569,2,,
180103,211.133,2,,
180104,205.756,2,,
180105,203.27,2,,
180106,211.799,6,,
180107,199.101,2,,
180108,188.911,2,,
180109,175.94,2,,
180110,180.215,2,,
180111,194.06,2,,
180112,215.65,2,,
180113,239.112,2,,
180114,259.422,2,,
180115,265.128,2,,
180116,267.098,6,,
180117,258.787,2,,
180118,255.217,2,,
180119,253.125,2,,
180120,251.542,2,,
180121,254.786,2,,
180122,257.521,2,,
180123,263.936,2,,
180124,279.529,2,,
190101,221.352,2,,
190102,213.777,2,,
190103,208.641,2,,
190104,205.31,2,,
190105,203.555,2,,
190106,206.847,2,,
190107,196.942,2,,
190108,177.746,6,,
190109,180.149,2,,
190110,188.538,2,,
190111,207.79,2,,
190112,233.91,2,,
190113,256.362,2,,
190114,265.73,2,,
190115,265.187,2,,
190116,257.897,4,,
190117,248.897,2,,
190118,250.138,2,,
190119,256.941,2,,
190120,257.592,6,,
190121,259.186,2,,
190122,260.962,2,,
190123,263.765,2,,
190124,263.552,2,,
200101,219.719,6,,
200102,215.589,2,,
200103,211.139,2,,
200104,205.637,2,,
200105,211.964,2,,
200106,214.2,2,,
200107,203.135,2,,
200108,182.745,2,,
200109,180.37,2,,
200110,189.826,2,,
200111,206.271,6,,
200112,228.449,2,,
200113,253.406,2,,
200114,265.13,2,,
200115,263.877,2,,
200116,251.183,2,,
200117,246.726,2,,
200118,245.506,2,,
200119,242.606,2,,
200120,245.337,2,,
200121,261.633,2,,
200122,256.873,2,,
200123,254.283,2,,
200124,254.571,2,,
210101,220.03,2,,
210102,212.062,2,,
210103,207.182,2,,
210104,211.167,6,,
210105,214.092,2,,
210106,206.067,2,,
210107,186.796,2,,
210108,178.723,2,,
210109,184.856,2,,
210110,200.95,2,,
210111,222.101,2,,
210112,248.218,2,,
210113,259.165,2,,
210114,266.097,6,,
210115,265.611,2,,
210116,252.829,2,,
210117,246.783,2,,
210118,242.373,2,,
210119,244.72,2,,
210120,246.617,2,,
210121,249.17,2,,
210122,254.798,2,,
210123,252.433,2,,
210124,255.365,2,,
220101,219.422,2,,
220102,212.969,2,,
220103,208.617,2,,
220104,208.948,2,,
220105,216.074,2,,
220106,209.024,2,,
220107,188.51,6,,
220108,177.014,2,,
220109,188.702,2,,
220110,207.683,2,,
220111,226.771,2,,
220112,250.29,3,,
220113,263.717,2,,
220114,263.697,2,,
220115,248.229,2,,
220116,235.067,2,,
220117,238.329,6,,
220118,230.329,2,,
220119,225.33,2,,
220120,220.413,2,,
220121,236.083,2,,
220122,242.92,2,,
220123,243.823,2,,
220124,243.938,2,,
230201,218.978,2,,
230202,210.112,2,,
230203,208.651,2,,
230204,216.472,2,,
230205,207.299,2,,
230206,190.679,2,,
230207,177.596,2,,
230208,192.867,2,,
230209,213.701,2,,
230210,236.218,2,,
230211,255.484,2,,
230212,255.208,2,,
230213,238.057,2,,
230214,226.855,2,,
230215,227.094,2,,
230216,226.013,2,,
230217,215.464,2,,
230218,214.054,2,,
230219,213.295,2,,
230220,213.9,2,,
230221,217.467,2,,
230222,233.215,6,,
230223,233.51,2,,
230224,233.017,2,,
240101,218.68,2,,
240102,211.395,2,,
240103,208.548,2,,
240104,214.329,2,,
240105,210.589,2,,
240106,195.753,2,,
240107,177.667,2,,
240108,189.287,2,,
240109,214.456,6,,
240110,234.96,2,,
240111,255.868,2,,
240112,254.119,2,,
240113,233.454,2,,
240114,221.293,2,,
240115,221.92,2,,
240116,216.212,2,,
240117,215.103,2,,
240118,216.105,2,,
240119,216.642,6,,
240120,225.132,2,,
240121,229.659,2,,
240122,231.338,2,,
240123,231.101,2,,
240124,231.128,2,,
250101,216.695,2,,
250102,211.772,6,,
250103,208.326,2,,
250104,215.558,2,,
250105,215.894,2,,
250106,204.868,2,,
250107,184.376,2,,
250108,178.248,2,,
250109,204.888,2,,
250110,231.352,2,,
250111,249.508,2,,
250112,261.429,6,,
250113,237.563,2,,
250114,221.982,2,,
250115,222.74,2,,
250116,232.594,2,,
250117,231.394,2,,
250118,217.039,2,,
250119,210.216,2,,
250120,209.755,2,,
250121,229.552,2,,
250122,233.708,2,,
250123,233.786,2,,
250124,233.559,2,,
260101,216.323,2,,
260102,209.226,2,,
260103,210.933,2,,
260104,217.202,2,,
260105,212.338,6,,
260106,191.669,2,,
260107,178.109,2,,
260108,196.131,2,,
260109,220.871,2,,
260110,237.888,2,,
260111,254.468,2,,
260112,247.622,2,,
260113,223.829,2,,
260114,218.776,2,,
260115,224.396,6,,
260116,230.874,2,,
260117,228.756,2,,
260118,229.046,2,,
260119,233.826,4,,
260120,226.961,2,,
260121,236.071,2,,
260122,235.064,2,,
260123,235.388,2,,
260124,234.704,2,,
270101,216.635,2,,
270102,212.373,2,,
270103,209.636,2,,
270104,212.269,2,,
270105,212.355,2,,
270106,196.366,2,,
270107,181.975,4,,
270108,189.38,2,,
270109,217.035,2,,
270110,245.287,2,,
270111,251.778,2,,
270112,250.394,2,,
270113,227.93,2,,
270114,219.059,2,,
270115,219.549,2,,
270116,228.913,6,,
270117,231.499,2,,
270118,229.013,2,,
270119,229.081,2,,
270120,229.602,2,,
270121,235.537,2,,
270122,236.437,2,,
270123,236.263,2,,
270124,235.698,2,,
280101,216.353,2,,
280102,214.6,2,,
280103,211.95,2,,
280104,210.722,2,,
280105,214.527,2,,
280106,203.58,2,,
280107,183.997,2,,
280108,183.056,2,,
280109,210.922,2,,
280110,227.197,2,,
280111,248.584,2,,
280112,257.647,2,,
280113,230.602,6,,
280114,223.524,2,,
280115,225.655,2,,
280116,233.976,2,,
280117,232.059,2,,
280118,227.294,2,,
280119,227.091,2,,
280120,230.38,2,,
280121,238.091,2,,
280122,235.812,2,,
280123,236.264,6,,
280124,236.436,2,,
290101,216.158,2,,
290102,215.147,2,,
290103,215.852,2,,
290104,215.597,2,,
290105,204.85,2,,
290106,190.506,2,,
290107,179.925,2,,
290108,195.803,2,,
290109,222.851,2,,
290110,245.139,2,,
290111,259.264,6,,
290112,242.818,2,,
290113,222.69,2,,
290114,220.062,2,,
290115,227.454,2,,
290116,229.259,2,,
290117,228.085,2,,
290118,225.619,2,,
290119,225.007,2,,
290120,222.56,6,,
290121,232.037,2,,
290122,236.726,2,,
290123,236.901,2,,
290124,236.323,2,,
300201,215.512,2,,
300202,223.186,2,,
300203,238.367,2,,
300204,234.087,2,,
300205,208.733,2,,
300206,184.836,2,,
300207,182.61,2,,
300208,198.019,6,,
300209,218.05,2,,
300210,236.687,2,,
300211,248.316,2,,
300212,247.773,2,,
300213,231.363,2,,
300214,219.766,2,,
300215,220.262,2,,
300216,226.229,2,,
300217,231.197,2,,
300218,228.795,6,,
300219,233.531,4,,
300220,230.539,2,,
300221,230.075,2,,
300222,253.019,2,,
300223,231.944,2,,
300224,231.675,2,,
310101,218.165,2,,
310102,224.794,6,,
310103,240.512,2,,
310104,237.745,2,,
310105,222.103,2,,
310106,193.744,2,,
310107,182.727,2,,
310108,202.122,2,,
310109,224.456,2,,
310110,238.575,4,,
310111,250.385,2,,
310112,237.454,2,,
310113,221.524,6,,
310114,226.603,2,,
310115,233.557,2,,
310116,234.707,2,,
310117,232.312,4,,
310118,229.93,2,,
310119,229.965,2,,
310120,234.529,2,,
310121,253.861,2,,
310122,231.607,2,,
310123,230.632,2,,
310124,230.605,2,,
320101,219.26,2,,
320102,230.421,2,,
320103,239.76,2,,
320104,241.737,6,,
320105,227.59,2,,
320106,205.298,2,,
320107,181.827,2,,
320108,194.385,2,,
320109,219.198,2,,
320110,239.028,2,,
320111,254.174,2,,
320112,242.854,2,,
320113,224.157,2,,
320114,220.885,6,,
320115,230.846,2,,
320116,234.291,2,,
320117,228.883,2,,
320118,229.14,2,,
320119,228.9,2,,
320120,233.509,2,,
320121,249.288,2,,
320122,239.294,2,,
320123,232.79,2,,
320124,231.935,2,,
330101,219.63,2,,
330102,228.023,2,,
330103,240.27,2,,
330104,241.375,2,,
330105,231.744,2,,
330106,214.665,2,,
330107,186.133,2,,
330108,185.033,2,,
330109,210.129,6,,
330110,231.799,2,,
330111,248.377,2,,
330112,246.3,2,,
330113,221.35,2,,
330114,217.755,2,,
330115,208.086,2,,
330116,216.106,2,,
330117,227.933,2,,
330118,222.638,2,,
330119,224.599,6,,
330120,224.504,2,,
330121,236.331,2,,
330122,241.454,2,,
330123,226.157,2,,
330124,224.58,2,,
340101,220.696,2,,
340102,233.816,2,,
340103,241.881,2,,
340104,237.326,2,,
340105,221.249,6,,
340106,197.958,2,,
340107,182.558,2,,
340108,198.656,2,,
340109,222.604,2,,
340110,238.475,2,,
340111,244.102,2,,
340112,228.008,2,,
340113,215.584,2,,
340114,210.677,2,,
340115,216.33,2,,
340116,217.535,6,,
340117,223.206,3,,
340118,220.597,2,,
340119,245.966,4,,
340120,247.952,2,,
340121,249.818,2,,
340122,238.22,2,,
340123,222.464,2,,
340124,221.924,2,,
350101,226.469,2,,
350102,230.54,2,,
350103,234.857,2,,
350104,241.532,2,,
350105,238.8,2,,
350106,226.96,2,,
350107,202.471,2,,
350108,182.449,2,,
350109,194.36,2,,
350110,220.755,6,,
350111,237.259,2,,
350112,248.018,2,,
350113,231.07,2,,
350114,216.689,2,,
350115,219.449,2,,
350116,221.006,2,,
350117,218.729,2,,
350118,219.186,3,,
350119,227.202,2,,
350120,234.52,6,,
350121,245.898,2,,
350122,244.473,2,,
350123,223.408,2,,
350124,222.372,2,,
360101,228.546,2,,
360102,234.535,2,,
360103,239.185,6,,
360104,241.455,2,,
360105,232.601,2,,
360106,210.901,2,,
360107,186.513,2,,
360108,183.695,2,,
360109,206.673,2,,
360110,226.616,2,,
360111,248.67,2,,
360112,238.566,2,,
360113,218.457,2,,
360114,221.478,6,,
360115,229.673,2,,
360116,232.988,2,,
360117,226.936,2,,
360118,219.643,2,,
360119,220.499,2,,
360120,226.416,2,,
360121,246.253,2,,
360122,252.422,2,,
360123,227.889,2,,
360124,223.943,2,,
370101,232.209,2,,
370102,236.319,3,,
370103,238.578,2,,
370104,241.451,6,,
370105,235.925,2,,
370106,219.015,2,,
370107,194.87,2,,
370108,184.18,2,,
370109,200.84,2,,
370110,221.99,2,,
370111,240.42,2,,
370112,243.03,2,,
370113,219.02,2,,
370114,212.86,2,,
370115,228.274,6,,
370116,229.177,2,,
370117,222.982,2,,
370118,222.533,2,,
370119,234.686,2,,
370120,247.653,2,,
370121,248.542,2,,
370122,226.64,2,,
370123,222.878,2,,
370124,222.892,2,,
380201,221.537,2,,
380202,230.404,2,,
380203,238.839,2,,
380204,243.885,2,,
380205,240.651,2,,
380206,228.86,2,,
380207,205.066,2,,
380208,185.844,2,,
380209,196.287,2,,
380210,216.167,2,,
380211,231.699,2,,
380212,228.849,2,,
380213,207.74,2,,
380214,209.752,2,,
380215,217.74,2,,
380216,218.542,2,,
380217,217.169,2,,
380218,223.809,4,,
380219,229.997,2,,
380220,233.453,2,,
380221,240.114,6,,
380222,247.655,2,,
380223,217.023,2,,
380224,216.898,2,,
390101,219.228,2,,
390102,225.255,2,,
390103,237.04,2,,
390104,244.051,2,,
390105,242.775,2,,
390106,233.678,2,,
390107,216.021,6,,
390108,190.094,2,,
390109,188.403,2,,
390110,206.916,2,,
390111,224.176,2,,
390112,225.376,2,,
390113,215.001,2,,
390114,208.246,2,,
390115,218.723,2,,
390116,222.768,2,,
390117,219.567,6,,
390118,218.805,2,,
390119,227.313,2,,
390120,237.116,2,,
390121,238.923,2,,
390122,243.08,2,,
390123,217.839,2,,
390124,217.773,2,,
400101,220.272,2,,
400102,233.227,2,,
400103,241.928,2,,
400104,245.196,2,,
400105,238.498,2,,
400106,223.66,2,,
400107,199.331,2,,
400108,185.019,2,,
400109,197.016,2,,
400110,218.831,2,,
400111,228.046,2,,
400112,230.575,2,,
400113,211.816,2,,
400114,221.419,6,,
400115,236.66,2,,
400116,218.357,2,,
400117,219.338,2,,
400118,223.839,2,,
400119,227.25,2,,
400120,233.253,2,,
400121,239.842,2,,
400122,240.136,2,,
400123,216.912,2,,
400124,216.741,6,,
410101,223.657,2,,
410102,230.268,2,,
410103,239.855,2,,
410104,245.581,2,,
410105,241.236,2,,
410106,231.291,6,,
410107,209.154,2,,
410108,187.638,2,,
410109,189.558,2,,
410110,212.289,2,,
410111,229.989,2,,
410112,231.969,2,,
410113,214.911,2,,
410114,214.622,2,,
410115,225.066,6,,
410116,222.478,2,,
410117,218.935,2,,
410118,223.197,2,,
410119,232.071,2,,
410120,239.192,2,,
410121,244.747,2,,
410122,217.893,2,,
410123,217.22,2,,
410124,217.089,2,,
420101,223.296,6,,
420102,227.258,2,,
420103,235.995,2,,
420104,245.52,2,,
420105,243.723,2,,
420106,235.4,2,,
420107,218.662,2,,
420108,195.064,2,,
420109,185.572,2,,
420110,199.533,2,,
420111,222.23,6,,
420112,232.211,2,,
420113,225.627,2,,
420114,211.264,2,,
420115,217.157,2,,
420116,221.375,2,,
420117,219.039,2,,
420118,221.107,2,,
420119,228.17,2,,
420120,237.4,2,,
420121,242.583,2,,
420122,241.396,2,,
420123,217.251,2,,
420124,217.16,2,,
430101,223.478,2,,
430102,228.746,2,,
430103,242.768,2,,
430104,246.228,6,,
430105,238.811,2,,
430106,225.814,2,,
430107,206.703,2,,
430108,186.366,2,,
430109,190.25,2,,
430110,208.714,2,,
430111,233.741,2,,
430112,228.432,2,,
430113,214.336,6,,
430114,214.084,2,,
430115,218.9,2,,
430116,219.502,2,,
430117,220.623,2,,
430118,224.545,2,,
430119,233.763,2,,
430120,247.355,2,,
430121,250.311,2,,
430122,216.957,2,,
430123,216.075,2,,
430124,216.361,2,,
440101,224.551,2,,
440102,226.37,2,,
440103,230.61,2,,
440104,242.767,2,,
440105,247.041,6,,
440106,242.544,2,,
440107,231.743,2,,
440108,214.943,2,,
440109,190.001,2,,
440110,187.241,2,,
440111,198.383,2,,
440112,216.801,2,,
440113,220.865,2,,
440114,211.715,2,,
440115,211.348,2,,
440116,215.919,6,,
440117,217.091,2,,
440118,217.435,2,,
440119,221.829,2,,
440120,236.424,2,,
440121,237.528,2,,
440122,223.073,2,,
440123,214.416,2,,
440124,214.43,2,,
450201,222.143,2,,
450202,223.359,2,,
450203,224.896,2,,
450204,228.477,2,,
450205,239.799,2,,
450206,246.973,2,,
450207,240.257,2,,
450208,222.888,6,,
450209,200.866,2,,
450210,185.337,2,,
450211,192.793,2,,
450212,212.684,2,,
450213,218.85,2,,
450214,210.479,2,,
450215,207.283,2,,
450216,213.32,2,,
450217,214.678,2,,
450218,217.121,6,,
450219,212.712,2,,
450220,227.651,2,,
450221,235.953,2,,
450222,236.593,2,,
450223,208.604,2,,
450224,208.009,2,,
460101,228.199,2,,
460102,228.011,6,,
460103,229.221,2,,
460104,232.26,2,,
460105,243.811,2,,
460106,248.803,2,,
460107,241.865,2,,
460108,228.999,2,,
460109,212.27,2,,
460110,189.862,2,,
460111,185.47,2,,
460112,196.37,2,,
460113,210.917,2,,
460114,210.805,2,,
460115,207.938,2,,
460116,211.186,2,,
460117,216.993,2,,
460118,216.311,2,,
460119,213.965,2,,
460120,219.693,2,,
460121,230.723,2,,
460122,240.125,6,,
460123,209.674,2,,
460124,209.367,2,,
470101,228.657,2,,
470102,228.499,2,,
470103,231.176,2,,
470104,241.214,2,,
470105,248.686,2,,
470106,246.947,2,,
470107,240.533,2,,
470108,221.435,2,,
470109,196.415,6,,
470110,184.149,2,,
470111,196.181,2,,
470112,213.834,2,,
470113,236.333,2,,
470114,226.021,2,,
470115,203.07,2,,
470116,208.689,2,,
470117,214.022,2,,
470118,214.285,2,,
470119,219.264,6,,
470120,230.667,2,,
470121,234.748,2,,
470122,241.038,2,,
470123,210.674,2,,
470124,209.959,2,,
480101,228.966,2,,
480102,229.003,2,,
480103,230.505,2,,
480104,237.25,2,,
480105,247.542,2,,
480106,249.021,2,,
480107,244.752,2,,
480108,229.56,3,,
480109,203.345,2,,
480110,187.049,2,,
480111,187.577,6,,
480112,196.479,2,,
480113,210.634,2,,
480114,207.889,2,,
480115,202.13,2,,
480116,209.311,2,,
480117,216.101,2,,
480118,215.218,2,,
480119,214.949,2,,
480120,227.559,2,,
480121,236.817,2,,
480122,240.579,2,,
480123,206.436,6,,
480124,206.068,2,,
490101,228.362,2,,
490102,229.542,2,,
490103,230.927,6,,
490104,239.694,2,,
490105,248.584,2,,
490106,248.596,2,,
490107,239.042,2,,
490108,214.047,2,,
490109,191.908,2,,
490110,184.723,2,,
490111,195.046,2,,
490112,210.719,4,,
490113,210.511,6,,
490114,202.82,2,,
490115,209.371,2,,
490116,209.686,2,,
490117,215.281,2,,
490118,209.327,2,,
490119,216.385,2,,
490120,232.743,2,,
490121,233.023,2,,
490122,204.832,2,,
490123,204.782,2,,
490124,204.73,2,,
500101,228.837,2,,
500102,229.864,2,,
500103,236.098,2,,
500104,246.172,6,,
500105,249.292,2,,
500106,248.463,2,,
500107,241.782,2,,
500108,224.784,2,,
500109,197.821,2,,
500110,184.59,2,,
500111,189.169,2,,
500112,196.414,2,,
500113,207.745,2,,
500114,195.874,2,,
500115,203.934,6,,
500116,209.78,2,,
500117,210.531,2,,
500118,208.998,2,,
500119,215.882,2,,
500120,225.196,2,,
500121,232.297,2,,
500122,205.621,2,,
500123,205.082,2,,
500124,205.506,2,,
510101,229.075,2,,
510102,231.822,2,,
510103,236.191,2,,
510104,244.952,3,,
510105,250.292,2,,
510106,249.592,2,,
510107,247.626,2,,
510108,233.946,2,,
510109,206.087,2,,
510110,186.755,2,,
510111,185.298,2,,
510112,190.201,2,,
510113,201.015,6,,
510114,205.326,2,,
510115,195.186,2,,
510116,207.7,2,,
510117,207.775,2,,
510118,207.773,2,,
510119,214.154,2,,
510120,220.286,2,,
510121,230.6,6,,
510122,208.766,2,,
510123,205.397,2,,
510124,205.239,2,,
520101,228.65,2,,
520102,232.121,2,,
520103,241.426,2,,
520104,250.909,2,,
520105,250.993,2,,
520106,248.478,2,,
520107,241.708,6,,
520108,220.219,2,,
520109,194.817,2,,
520110,183.619,2,,
520111,185.856,2,,
520112,201.189,2,,
520113,205.692,2,,
520114,202.653,2,,
520115,200.964,2,,
520116,205.78,2,,
520117,208.286,6,,
520118,211.907,2,,
520119,220.119,2,,
520120,229.368,2,,
520121,232.503,2,,
520122,204.177,2,,
520123,204.02,2,,
520124,203.875,2,,
530201,228.429,2,,
530202,230.091,2,,
530203,237.076,2,,
530204,248.687,2,,
530205,251.692,2,,
530206,250.316,6,,
530207,259.702,4,,
530208,232.329,2,,
530209,203.037,2,,
530210,185.619,2,,
530211,183.011,2,,
530212,195.675,2,,
530213,202.83,2,,
530214,201.81,2,,
530215,198.21,2,,
530216,203.938,6,,
530217,211.047,2,,
530218,210.603,2,,
530219,220.252,2,,
530220,229.897,2,,
530221,234.319,2,,
530222,205.568,2,,
530223,203.691,2,,
530224,203.553,2,,
540101,227.817,2,,
540102,229.438,2,,
540103,235.54,2,,
540104,244.42,2,,
540105,251.178,2,,
540106,250.424,2,,
540107,249.297,2,,
540108,239.584,2,,
540109,216.729,6,,
540110,190.928,2,,
540111,182.718,2,,
540112,186.598,2,,
540113,197.504,2,,
540114,203.47,2,,
540115,190.448,2,,
540116,196.798,2,,
540117,206.696,2,,
540118,208.593,2,,
540119,209.636,6,,
540120,223.671,2,,
540121,232.735,2,,
540122,225.607,2,,
540123,203.264,2,,
540124,203.374,2,,
550101,222.884,3,,
550102,225.363,2,,
550103,227.731,2,,
550104,233.116,2,,
550105,243.143,6,,
550106,252.757,2,,
550107,250.573,2,,
550108,247.238,2,,
550109,227.89,2,,
550110,199.553,2,,
550111,184.693,2,,
550112,183.64,2,,
550113,194.476,2,,
550114,203.608,2,,
550115,198.302,6,,
550116,196.696,2,,
550117,202.141,2,,
550118,213.792,2,,
550119,209.671,2,,
550120,219.274,2,,
550121,231.528,2,,
550122,208.449,2,,
550123,202.689,2,,
550124,202.73,2,,
560101,224.263,2,,
560102,227.011,2,,
560103,231.259,2,,
560104,239.707,2,,
560105,250.321,2,,
560106,251.281,2,,
560107,250.426,2,,
560108,239.571,2,,
560109,212.681,2,,
560110,190.272,2,,
560111,183.078,6,,
560112,187.304,2,,
560113,198.11,2,,
560114,199.518,2,,
560115,195.716,2,,
560116,200.083,2,,
560117,209.483,2,,
560118,209.908,2,,
560119,217.168,2,,
560120,225.916,2,,
560121,231.729,6,,
560122,212.368,2,,
560123,202.948,2,,
560124,203.027,2,,
570101,221.803,6,,
570102,224.222,2,,
570103,227.757,2,,
570104,234.537,3,,
570105,244.367,2,,
570106,252.015,2,,
570107,250.612,2,,
570108,249.235,2,,
570109,229.476,2,,
570110,202.145,2,,
570111,187.187,2,,
570112,181.978,2,,
570113,189.758,6,,
570114,197.555,2,,
570115,193.585,2,,
570116,203.33,2,,
570117,204.837,2,,
570118,207.488,2,,
570119,207.015,2,,
570120,217.51,2,,
570121,227.554,2,,
570122,233.86,2,,
570123,202.088,2,,
570124,201.477,2,,
580101,223.428,2,,
580102,226.208,6,,
580103,231.536,2,,
580104,239.509,2,,
580105,250.789,2,,
580106,251.632,2,,
580107,250.247,2,,
580108,243.748,2,,
580109,213.301,2,,
580110,190.656,2,,
580111,183.407,2,,
580112,183.765,6,,
580113,193.486,2,,
580114,199.981,2,,
580115,199.857,2,,
580116,204.892,2,,
580117,210.991,2,,
580118,209.884,2,,
580119,217.814,2,,
580120,228.995,2,,
580121,233.033,2,,
580122,227.039,2,,
580123,202.655,2,,
580124,202.598,2,,
590101,224.742,2,,
590102,226.836,2,,
590103,231.275,2,,
590104,241.612,2,,
590105,251.457,2,,
590106,250.743,2,,
590107,250.526,2,,
590108,248.83,6,,
590109,225.983,2,,
590110,197.171,2,,
590111,184.641,2,,
590112,181.899,2,,
590113,183.707,2,,
590114,191.467,2,,
590115,197.213,2,,
590116,203.7,2,,
590117,211.456,2,,
590118,212.699,6,,
590119,213.122,2,,
590120,221.575,2,,
590121,228.551,2,,
590122,233.556,2,,
590123,204.716,2,,
590124,201.398,2,,
600201,221.744,2,,
600202,223.206,2,,
600203,226.89,2,,
600204,234.853,6,,
600205,245.967,2,,
600206,252.554,2,,
600207,251.224,3,,
600208,250.518,2,,
600209,238.068,2,,
600210,204.617,2,,
600211,187.158,2,,
600212,183.154,2,,
600213,180.199,2,,
600214,188.609,6,,
600215,183.185,2,,
600216,191.513,2,,
600217,196.165,2,,
600218,210.261,2,,
600219,212.179,2,,
600220,222.738,3,,
600221,232.526,2,,
600222,216.064,2,,
600223,201.362,2,,
600224,201.167,2,,
610101,222.949,2,,
610102,228.22,2,,
610103,235.146,6,,
610104,247.48,2,,
610105,252.676,2,,
610106,250.564,2,,
610107,250.587,2,,
610108,249.317,2,,
610109,218.99,2,,
610110,190.914,2,,
610111,183.121,2,,
610112,180.616,2,,
610113,186.132,2,,
610114,185.718,2,,
610115,178.211,6,,
610116,193.687,2,,
610117,203.583,2,,
610118,206.03,2,,
610119,217.089,2,,
610120,224.604,2,,
610121,228.028,2,,
610122,218.009,2,,
610123,200.635,2,,
610124,200.331,2,,
620101,223.249,2,,
620102,225.357,2,,
620103,232.399,2,,
620104,244.496,2,,
620105,251.406,2,,
620106,250.108,2,,
620107,250.413,2,,
620108,248.978,2,,
620109,236.715,2,,
620110,200.962,6,,
620111,184.615,2,,
620112,181.643,2,,
620113,180.131,2,,
620114,187.416,2,,
620115,174.669,2,,
620116,192.442,2,,
620117,203.057,2,,
620118,207.003,2,,
620119,214.184,2,,
620120,224.036,6,,
620121,232.089,3,,
620122,228.814,2,,
620123,201.308,2,,
620124,201.672,2,,
630101,224.428,3,,
630102,226.962,2,,
630103,233.428,2,,
630104,246.417,2,,
630105,252.115,2,,
630106,250.324,6,,
630107,250.344,2,,
630108,242.388,2,,
630109,216.074,2,,
630110,190.103,2,,
630111,183.495,2,,
630112,178.618,2,,
630113,181.908,2,,
630114,170.717,2,,
630115,185.071,3,,
630116,200.803,6,,
630117,207.095,2,,
630118,206.396,2,,
630119,216.637,2,,
630120,230.841,2,,
630121,228.727,2,,
630122,201.77,2,,
630123,200.764,2,,
630124,200.709,2,,
640101,223.12,3,,
640102,225.622,2,,
640103,230.763,2,,
640104,241.195,2,,
640105,250.957,2,,
640106,251.01,2,,
640107,250.785,2,,
640108,247.9,2,,
640109,226.653,6,,
640110,201.874,4,,
640111,191.995,4,,
640112,179.424,2,,
640113,180.871,2,,
640114,174.176,2,,
640115,180.812,2,,
640116,191.792,2,,
640117,203.73,2,,
640118,206.784,2,,
640119,211.69,2,,
640120,224.176,2,,
640121,232.566,2,,
640122,203.741,2,,
640123,201.404,6,,
640124,201.207,2,,
650101,221.606,2,,
650102,222.099,2,,
650103,224.18,2,,
650104,228.371,2,,
650105,236.866,2,,
650106,248.719,2,,
650107,251.437,2,,
650108,291.369,4,,
650109,249.624,2,,
650110,236.425,2,,
650111,206.567,6,,
650112,187.595,3,,
650113,182.915,2,,
650114,177.667,2,,
650115,174.956,2,,
650116,172.68,2,,
650117,188.913,2,,
650118,204.432,2,,
650119,208.055,2,,
650120,209.455,2,,
650121,223.367,6,,
650122,231.759,2,,
650123,200.87,2,,
650124,200.716,2,,
660101,222.977,2,,
660102,223.683,2,,
660103,226.938,2,,
660104,234.202,2,,
660105,246.03,2,,
660106,251.068,2,,
660107,249.841,6,,
660108,249.945,2,,
660109,245.014,2,,
660110,218.298,2,,
660111,191.856,2,,
660112,183.586,2,,
660113,180.784,2,,
660114,173.169,2,,
660115,165.59,2,,
660116,176.844,2,,
660117,194.536,6,,
660118,206.915,2,,
660119,206.996,2,,
660120,220.695,2,,
660121,228.408,2,,
660122,206.926,2,,
660123,200.765,2,,
660124,200.594,2,,
670201,220.877,2,,
670202,221.26,2,,
670203,225.789,2,,
670204,232.404,2,,
670205,243.592,2,,
670206,250.6,2,,
670207,248.443,2,,
670208,248.719,2,,
670209,248.032,2,,
670210,225.449,2,,
670211,195.658,2,,
670212,181.679,6,,
670213,177.574,2,,
670214,172.434,2,,
670215,158.638,2,,
670216,173.305,2,,
670217,179.547,2,,
670218,192.283,2,,
670219,202.703,2,,
670220,215.367,2,,
670221,225.558,2,,
670222,225.573,6,,
670223,201.017,2,,
670224,200.755,2,,
680101,221.766,6,,
680102,223.981,2,,
680103,228.763,2,,
680104,236.542,2,,
680105,249.921,2,,
680106,250.276,2,,
680107,248.87,2,,
680108,244.882,2,,
680109,232.606,2,,
680110,201.985,2,,
680111,183.958,2,,
680112,178.516,2,,
680113,174.688,2,,
680114,161.06,6,,
680115,150.871,2,,
680116,170.186,2,,
680117,183.093,2,,
680118,193.288,2,,
680119,203.536,2,,
680120,213.975,2,,
680121,225.442,2,,
680122,210.486,2,,
680123,200.741,2,,
680124,200.438,2,,
690101,222.347,2,,
690102,223.788,2,,
690103,228.965,2,,
690104,237.896,2,,
690105,247.685,2,,
690106,244.584,2,,
690107,241.292,6,,
690108,242.06,2,,
690109,228.25,2,,
690110,203.582,2,,
690111,188.023,2,,
690112,179.552,2,,
690113,174.318,2,,
690114,170.125,2,,
690115,156.956,2,,
690116,160.316,2,,
690117,176.379,6,,
690118,195.241,2,,
690119,202.705,2,,
690120,220.338,2,,
690121,228.263,2,,
690122,200.969,2,,
690123,200.543,2,,
690124,200.975,2,,
700101,223.649,2,,
700102,227.104,2,,
700103,234.891,2,,
700104,247.101,2,,
700105,246.768,2,,
700106,242.368,2,,
700107,241.987,2,,
700108,235.825,2,,
700109,216.368,2,,
700110,189.884,2,,
700111,180.205,2,,
700112,180.213,3,,
700113,172.216,2,,
700114,153.063,6,,
700115,167.822,2,,
700116,160.208,2,,
700117,184.054,2,,
700118,197.568,2,,
700119,211.863,2,,
700120,222.25,2,,
700121,223.213,2,,
700122,200.037,2,,
700123,200.275,2,,
700124,200.121,6,,
710101,223.456,2,,
710102,225.542,2,,
710103,230.558,6,,
710104,240.07,2,,
710105,245.137,2,,
710106,241.331,2,,
710107,240.233,2,,
710108,239.563,2,,
710109,231.919,2,,
710110,207.778,2,,
710111,184.956,2,,
710112,180.25,2,,
710113,177.132,6,,
710114,170.761,2,,
710115,155.043,2,,
710116,152.074,2,,
710117,168.635,2,,
710118,189.205,2,,
710119,206.381,2,,
710120,219.788,2,,
710121,225.247,2,,
710122,200.665,2,,
710123,199.057,2,,
710124,198.429,2,,
720101,223.848,2,,
720102,227.318,2,,
720103,233.613,2,,
720104,244.818,2,,
720105,243.035,6,,
720106,240.854,2,,
720107,239.764,2,,
720108,234.915,2,,
720109,217.335,2,,
720110,188.469,2,,
720111,181.498,2,,
720112,184.279,2,,
720113,184.508,2,,
720114,163.651,2,,
720115,155.188,2,,
720116,163.606,2,,
720117,177.023,6,,
720118,195.472,2,,
720119,214.283,2,,
720120,221.076,2,,
720121,223.323,2,,
720122,200.703,2,,
720123,199.896,2,,
720124,199.448,2,,
730101,221.649,2,,
730102,222.962,2,,
730103,225.869,2,,
730104,231.805,2,,
730105,242.296,2,,
730106,243.888,6,,
730107,241.211,2,,
730108,240.064,2,,
730109,234.799,2,,
730110,218.418,2,,
730111,194.083,2,,
730112,178.553,2,,
730113,175.321,2,,
730114,177.816,2,,
730115,175.936,2,,
730116,158.825,2,,
730117,155.951,2,,
730118,150.328,6,,
730119,183.281,2,,
730120,208.178,2,,
730121,222.036,2,,
730122,201.602,2,,
730123,199.575,2,,
730124,199.069,2,,
740101,223.454,2,,
740102,228.384,3,,
740103,236.379,2,,
740104,243.508,2,,
740105,242.717,2,,
740106,240.505,2,,
740107,-999,5,,
740108,217.971,4,,
740109,230.658,2,,
740110,206.755,6,,
740111,181.233,2,,
740112,175.931,2,,
740113,174.081,2,,
740114,175.102,2,,
740115,168.148,2,,
740116,145.876,2,,
740117,165.395,2,,
740118,178.569,2,,
740119,193.47,2,,
740120,212.238,6,,
740121,220.378,2,,
740122,205.756,2,,
740123,199.626,2,,
740124,198.256,2,,
750201,223.16,3,,
750202,225.535,2,,
750203,232.44,2,,
750204,242.771,2,,
750205,243.801,2,,
750206,241.048,2,,
750207,240.464,2,,
750208,239.46,6,,
750209,218.418,2,,
750210,188.044,2,,
750211,176.575,2,,
750212,175.765,2,,
750213,172.922,2,,
750214,163.943,2,,
750215,140.119,2,,
750216,158.258,2,,
750217,169.752,2,,
750218,189.786,6,,
750219,211.147,2,,
750220,222.291,2,,
750221,210.873,2,,
750222,199.573,2,,
750223,199.3,2,,
750224,199.032,2,,
760101,222.552,2,,
760102,224.493,2,,
760103,229.105,2,,
760104,240.014,2,,
760105,245.008,2,,
760106,241.309,3,,
760107,240.96,2,,
760108,240.787,2,,
760109,227.76,6,,
760110,194.676,2,,
760111,179.506,2,,
760112,174.82,3,,
760113,171.4,2,,
760114,155.088,2,,
760115,137.693,2,,
760116,125,2,,
760117,165.23,2,,
760118,176.62,2,,
760119,199.007,2,,
760120,218.302,2,,
760121,222.956,6,,
760122,200.322,2,,
760123,199.488,2,,
760124,199.309,2,,
770101,222.081,2,,
770102,222.609,6,,
770103,223.939,2,,
770104,226.857,2,,
770105,236.313,2,,
770106,249.07,2,,
770107,244.586,2,,
770108,242.563,2,,
770109,240.13,2,,
770110,231.795,2,,
770111,202.816,2,,
770112,179.705,6,,
770113,173.793,2,,
770114,173.111,2,,
770115,167.331,2,,
770116,149.543,2,,
770117,115.953,2,,
770118,123.737,2,,
770119,160.445,2,,
770120,185.713,2,,
770121,212.876,2,,
770122,223.031,2,,
770123,213.591,2,,
770124,197.361,2,,
780101,223.394,2,,
780102,226.615,2,,
780103,232.448,2,,
780104,246.897,6,,
780105,244.398,2,,
780106,242.179,2,,
780107,244.196,2,,
780108,244.573,2,,
780109,217.039,2,,
780110,184.028,2,,
780111,173.55,2,,
780112,167.846,2,,
780113,162.17,2,,
780114,155.236,2,,
780115,123.863,2,,
780116,111.956,6,,
780117,122.201,2,,
780118,147.226,2,,
780119,203.661,2,,
780120,219.812,2,,
780121,204.332,2,,
780122,197.754,2,,
780123,197.263,2,,
780124,196.923,2,,
790101,222.983,2,,
790102,223.29,2,,
790103,224.917,2,,
790104,229.42,2,,
790105,241.062,2,,
790106,247.112,2,,
790107,242.37,6,,
790108,242.403,2,,
790109,241.689,2,,
790110,220.341,2,,
790111,187.228,2,,
790112,167.91,2,,
790113,168.324,2,,
790114,164.69,6,,
790115,150.815,2,,
790116,146.756,2,,
790117,138.14,2,,
790118,115.899,2,,
790119,141.968,2,,
790120,184.008,2,,
790121,221.038,2,,
790122,203.728,2,,
790123,197.962,2,,
790124,197.388,2,,
800101,222.993,2,,
800102,224.35,2,,
800103,227.454,2,,
800104,236.224,2,,
800105,246.619,6,,
800106,243.542,2,,
800107,241.977,2,,
800108,242.048,2,,
800109,232.219,2,,
800110,200.519,2,,
800111,174.891,2,,
800112,160.723,2,,
800113,147.796,2,,
800114,135.499,2,,
800115,124.984,6,,
800116,111.407,2,,
800117,98.471,2,,
800118,104.835,2,,
800119,150.73,2,,
800120,208.733,2,,
800121,222.724,2,,
800122,219.603,2,,
800123,197.074,2,,
800124,196.325,2,,
810101,222.44,2,,
810102,223.256,2,,
810103,223.491,2,,
810104,225.882,2,,
810105,231.44,2,,
810106,247.344,2,,
810107,250.427,2,,
810108,243.281,2,,
810109,245.869,2,,
810110,242.164,2,,
810111,222.339,6,,
810112,174.772,2,,
810113,157.413,2,,
810114,148.198,2,,
810115,130.58,2,,
810116,114.508,2,,
810117,104.492,2,,
810118,91.604,2,,
810119,144.729,6,,
810120,190.788,2,,
810121,221.908,2,,
810122,200.463,2,,
810123,196.54,2,,
810124,196.112,2,,
820201,229.983,3,,
820202,242.147,6,,
820203,252.859,2,,
820204,250.274,2,,
820205,246.869,2,,
820206,248.14,2,,
820207,247.698,2,,
820208,226.159,2,,
820209,192.052,2,,
820210,170.052,2,,
820211,158.719,2,,
820212,149.15,2,,
820213,132.976,3,,
820214,121.148,2,,
820215,107.875,2,,
820216,97.95,6,,
820217,103.418,2,,
820218,164.06,2,,
820219,198.554,2,,
820220,213.804,2,,
820221,218.618,2,,
820222,205.695,2,,
820223,197.483,2,,
820224,196.952,2,,
830101,222.21,2,,
830102,224.139,2,,
830103,227.454,2,,
830104,240.265,2,,
830105,251.973,2,,
830106,247.515,2,,
830107,248.285,2,,
830108,249.891,6,,
830109,241.973,2,,
830110,206.874,2,,
830111,177.221,2,,
830112,162.158,2,,
830113,152.935,2,,
830114,145.015,2,,
830115,131.931,2,,
830116,125.989,2,,
830117,94.302,2,,
830118,130.834,2,,
830119,160.659,2,,
830120,208.899,2,,
830121,221.417,2,,
830122,206.114,6,,
830123,196.887,2,,
830124,196.476,2,,
840101,222.044,2,,
840102,223.695,2,,
840103,225.127,6,,
840104,232.526,2,,
840105,249.06,2,,
840106,253.634,2,,
840107,248.107,2,,
840108,248.955,2,,
840109,247.666,2,,
840110,217.115,2,,
840111,181.949,2,,
840112,165.283,2,,
840113,157.961,6,,
840114,152.597,2,,
840115,113.428,2,,
840116,106.838,2,,
840117,107.7,2,,
840118,92.984,2,,
840119,141.208,2,,
840120,185.04,2,,
840121,221.185,2,,
840122,199.448,2,,
840123,196.086,2,,
840124,195.706,2,,
850101,222.503,3,,
850102,224.044,2,,
850103,229.279,2,,
850104,245.207,2,,
850105,254.879,2,,
850106,250.404,2,,
850107,249.837,2,,
850108,249.729,2,,
850109,231.364,2,,
850110,189.117,2,,
850111,166.362,2,,
850112,155.803,2,,
850113,150.991,2,,
850114,128.408,6,,
850115,105.812,2,,
850116,101.405,2,,
850117,94.545,2,,
850118,114.718,2,,
850119,167.845,2,,
850120,214.137,2,,
850121,221.814,3,,
850122,201.646,2,,
850123,195.47,6,,
850124,195.037,2,,
860101,222.234,6,,
860102,222.923,2,,
860103,225.608,2,,
860104,232.46,2,,
860105,249.882,2,,
860106,253.558,2,,
860107,247.38,2,,
860108,247.941,2,,
860109,243.964,2,,
860110,233.461,2,,
860111,203.151,2,,
860112,166.372,6,,
860113,151.332,2,,
860114,129.9,2,,
860115,107.62,2,,
860116,96.648,2,,
860117,86.501,2,,
860118,90.968,2,,
860119,134.346,2,,
860120,205.305,2,,
860121,221.984,2,,
860122,214.47,2,,
860123,195.411,2,,
860124,195.002,2,,
870101,221.965,2,,
870102,222.907,2,,
870103,225.697,2,,
870104,234.733,2,,
870105,251.573,6,,
870106,253.351,2,,
870107,244.501,2,,
870108,246.722,2,,
870109,243.785,2,,
870110,220.489,2,,
870111,180.204,2,,
870112,163.215,2,,
870113,156.287,2,,
870114,141.745,2,,
870115,120.998,2,,
870116,106.11,2,,
870117,106.348,6,,
870118,103.688,2,,
870119,109.919,2,,
870120,197.838,2,,
870121,217.694,2,,
870122,196.065,2,,
870123,195.391,2,,
870124,195.448,2,,
880101,221.615,2,,
880102,221.858,2,,
880103,224.434,2,,
880104,229.993,2,,
880105,244.902,2,,
880106,254.631,2,,
880107,246.97,2,,
880108,5.625,4,,
880109,245.082,6,,
880110,231.81,2,,
880111,186.462,2,,
880112,164.578,2,,
880113,152.005,2,,
880114,144.061,2,,
880115,124.151,2,,
880116,98.259,2,,
880117,87.255,2,,
880118,89.331,2,,
880119,93.246,6,,
880120,129.753,2,,
880121,219.9,2,,
880122,197.235,2,,
880123,195.628,2,,
880124,195.355,2,,
890201,220.312,2,,
890202,221.052,2,,
890203,222.358,2,,
890204,225.913,2,,
890205,239.218,2,,
890206,249.523,2,,
890207,245.987,6,,
890208,240.435,2,,
890209,242.625,2,,
890210,240.991,2,,
890211,204.828,2,,
890212,169.68,2,,
890213,159.105,2,,
890214,143.07,2,,
890215,124.772,2,,
890216,105.033,2,,
890217,93.933,2,,
890218,89.429,6,,
890219,90.401,2,,
890220,107.733,2,,
890221,207.052,2,,
890222,211.849,2,,
890223,195.5,2,,
890224,195.049,2,,
900101,220.307,2,,
900102,221.768,2,,
900103,224.433,6,,
900104,234.038,2,,
900105,248.683,2,,
900106,249.135,2,,
900107,241.039,2,,
900108,241.937,2,,
900109,244.744,2,,
900110,221.521,2,,
900111,177.938,2,,
900112,160.229,2,,
900113,151.996,2,,
900114,132.869,2,,
900115,109.717,2,,
900116,96.411,2,,
900117,88.958,2,,
900118,94.642,2,,
900119,109.642,2,,
900120,144.433,2,,
900121,217.356,6,,
900122,196.443,2,,
900123,194.223,2,,
900124,194.06,2,,
910101,220.33,2,,
910102,221.136,2,,
910103,222.799,2,,
910104,227.86,6,,
910105,246.97,2,,
910106,253.403,2,,
910107,244.593,2,,
910108,241.78,2,,
910109,243.921,2,,
910110,226.347,2,,
910111,190.423,2,,
910112,166.712,2,,
910113,157.715,2,,
910114,142.737,2,,
910115,130.998,6,,
910116,102.322,2,,
910117,91.089,2,,
910118,87.727,2,,
910119,93.569,2,,
910120,95.194,2,,
910121,213.972,2,,
910122,200.999,2,,
910123,193.944,2,,
910124,193.613,2,,
920101,220.52,3,,
920102,220.718,2,,
920103,221.88,2,,
920104,225.901,2,,
920105,239.678,2,,
920106,254.047,2,,
920107,247.119,6,,
920107,246.788,2,,
920108,241.588,2,,
920109,244.236,2,,
920110,239.495,2,,
920111,211.156,2,,
920112,177.231,2,,
920113,159.415,2,,
920114,148.113,2,,
920115,133.23,2,,
920116,108.234,2,,
920117,91.052,6,,
920118,86.282,3,,
920119,88.977,2,,
920120,104.886,2,,
920121,160.946,2,,
920122,210.396,2,,
920123,194.651,2,,
920124,194.064,2,,
930101,220.544,2,,
930102,220.815,2,,
930103,223.174,2,,
930104,230.448,6,,
930105,251.266,2,,
930106,254.932,2,,
930107,246.877,2,,
930108,246.733,2,,
930109,249.146,2,,
930110,221.01,2,,
930111,184.478,2,,
930112,162.831,2,,
930113,156.659,2,,
930114,147.489,6,,
930115,117.376,2,,
930116,91.947,2,,
930117,83.755,2,,
930118,84.418,2,,
930119,96.04,2,,
930120,132.438,2,,
930121,205.531,2,,
930122,204.722,2,,
930123,195.292,2,,
930124,194.624,2,,
940101,220.496,2,,
940102,221.026,2,,
940103,223.749,2,,
940104,234.5,2,,
940105,257.04,2,,
940106,253.421,6,,
940107,242.793,2,,
940108,246.422,2,,
940109,243.571,2,,
940110,221.423,2,,
940111,196.929,2,,
940112,169.994,2,,
940113,159.669,2,,
940114,144.56,2,,
940115,133.026,2,,
940116,112.897,6,,
940117,83.33,2,,
940118,90.762,3,,
940119,90.889,2,,
940120,105.098,2,,
940121,198.894,2,,
940122,203.527,2,,
940123,194.04,2,,
940124,193.834,2,,
950101,220.955,2,,
950102,220.789,2,,
950103,221.115,2,,
950104,225.076,2,,
950105,240.862,2,,
950106,257.018,2,,
950107,250.169,2,,
950108,242.699,2,,
950109,249.433,2,,
950110,240.696,2,,
950111,207.525,6,,
950112,175.122,2,,
950113,159,2,,
950114,151.047,2,,
950115,137.455,2,,
950116,122.466,2,,
950117,97.701,2,,
950118,79.98,2,,
950119,95.858,2,,
950120,100.593,2,,
950121,146.069,6,,
950122,207.075,2,,
950123,197.338,2,,
950124,193.388,2,,
960201,220.458,3,,
960202,220.673,2,,
960203,222.509,2,,
960204,231.598,3,,
960205,256.375,2,,
960206,253.429,2,,
960207,243.096,2,,
960208,248.928,2,,
960209,245.422,6,,
960210,222.089,2,,
960211,183.538,4,,
960212,161.901,2,,
960213,150.679,2,,
960214,139.279,2,,
960215,122.674,2,,
960216,99.348,2,,
960217,93.34,2,,
960218,98.8,3,,
960219,113.885,6,,
960220,111.112,2,,
960221,174.932,2,,
960222,205.512,2,,
960223,194.725,2,,
960224,194.228,2,,
