station,cast,niskin,flask,o2 umol/kg,QC flag,dup stdev,dup avg,sample ID,notes
1,1,1,1,212.368,2,,,10101,
1,1,2,2,212.098,2,0.351,212.346,10102,EP at 0.11uA
1,1,2,3,212.594,2,,,10102,
1,1,4,4,221.898,2,,,10104,
1,1,5,5,237.83,2,,,10105,
1,1,6,6,255.276,2,,,10106,
1,1,7,7,277.533,2,,,10107,
1,1,10,8,299.298,2,,,10110,EP didn't get under 0.05uA
1,1,11,9,308.47,2,,,10111,noisy EP
1,1,12,10,313.468,2,,,10112,
1,1,14,11,313.777,2,,,10114,
1,1,15,12,314.398,2,,,10115,
1,1,16,13,315.33,2,,,10116,
2,1,1,701,177.972,2,,,20101,
2,1,2,102,177.147,2,,,20102,
2,1,3,103,176.738,2,0.04,176.767,20103,
2,1,3,104,176.795,2,,,20103,
2,1,4,105,178.678,2,,,20104,
2,1,5,106,182.203,3,,,20105,bubbles under rim--offgassing?
2,1,6,107,186.623,2,,,20106,
2,1,7,108,193.23,2,,,20107,
2,1,8,109,199.191,2,,,20108,
2,1,9,110,218.796,2,,,20109,
2,1,10,111,246.843,2,,,20110,
2,1,11,112,274.02,2,,,20111,bottle volume incorrect--file corrected and o2 concentration recalculated 
2,1,12,113,295.337,2,,,20112,
2,1,13,114,311.92,2,,,20113,
2,1,14,115,317.569,2,,,20114,
2,1,15,116,318.373,2,,,20115,
2,1,16,117,320.578,4,0.954,319.904,20116,"seal lost, bubble in flask"
2,1,16,118,319.229,2,,,20116,
2,1,17,119,318.93,2,,,20117,
2,1,18,120,319.953,2,,,20118,
2,1,19,121,319.859,2,,,20119,
3,1,1,301,196.352,2,,,30101,
3,1,2,302,196.416,2,,,30102,
3,1,3,303,195.458,3,,,30103,questionable seal--top floated up but no bubbles in flask
3,1,4,304,189.126,2,0.079,189.07,30104,noisy EP
3,1,4,305,189.014,2,,,30104,
3,1,5,306,184.421,2,,,30105,
3,1,6,307,180.514,2,,,30106,
3,1,7,308,193.137,2,,,30107,some noise at EP; outlier on profile--bottle volume questionable
3,1,8,309,176.354,2,,,30108,
3,1,9,310,177.368,2,,,30109,
3,1,10,311,177.458,2,,,30110,
3,1,11,312,182.281,2,,,30111,
3,1,12,313,198.089,2,,,30112,
3,1,13,314,209.215,2,,,30113,
3,1,14,315,231.908,2,,,30114,
3,1,15,316,256.013,2,,,30115,
3,1,16,317,284.268,2,,,30116,
3,1,17,318,300.956,2,,,30117,
3,1,18,319,313.925,2,0.24,314.095,30118,
3,1,18,320,314.264,2,,,30118,
3,1,19,321,318.735,2,,,30119,
3,1,20,322,318.648,2,,,30120,
3,1,21,323,319.79,2,,,30121,"computer shutdown mid-titration, o2 value calculated from EP on box"
4,1,1,701,210.466,2,,,40101,
4,1,2,102,204.69,2,,,40102,
4,1,3,103,201.234,2,,,40103,
4,1,4,104,194.518,2,,,40104,
4,1,5,105,189.502,2,0.371,189.24,40105,
4,1,5,106,188.978,2,,,40105,
4,1,6,107,187.257,2,,,40106,
4,1,7,108,183.999,2,,,40107,
4,1,8,109,180.02,2,,,40108,
4,1,9,110,180.013,2,,,40109,
4,1,10,111,178.559,3,,,40110,bubble movement in line
4,1,11,112,178.38,2,,,40111,bottle volume incorrect--file corrected and o2 concentration recalculated 
4,1,12,113,177.338,3,,,40112,little bubble under rim
4,1,13,114,180.06,2,,,40113,
4,1,14,115,188.58,2,,,40114,
4,1,15,116,203.591,2,0.663,204.06,40115,
4,1,15,117,204.528,2,,,40115,
4,1,16,118,219.67,2,,,40116,
4,1,17,119,234.433,2,,,40117,
4,1,18,120,260.116,2,,,40118,
4,1,19,121,283.711,2,,,40119,
4,1,20,122,304.468,2,,,40120,
4,1,21,123,316.089,2,,,40121,
4,1,22,124,318.623,2,,,40122,
4,1,23,125,318.509,2,,,40123,
4,1,24,126,318.398,2,,,40124,
5,1,1,301,223.212,2,,,50101,
5,1,2,302,212.071,2,,,50102,
5,1,3,303,210.545,2,,,50103,
5,1,4,304,207.018,2,,,50104,
5,1,5,305,200.263,2,,,50105,
5,1,6,306,196.697,2,0.631,196.251,50106,
5,1,6,307,195.804,2,,,50106,
5,1,7,308,209.411,2,,,50107,outlier on profile--bottle volume questionable
5,1,8,309,188.387,2,,,50108,
5,1,9,310,184.547,2,,,50109,
5,1,10,311,179.958,2,,,50110,
5,1,11,312,177.778,2,,,50111,
5,1,12,313,176.413,2,,,50112,
5,1,13,314,176.846,2,,,50113,
5,1,14,315,179.328,2,,,50114,
5,1,15,316,186.597,2,,,50115,
5,1,16,317,196.271,2,0.32,196.497,50116,
5,1,16,318,196.723,2,,,50116,
5,1,17,319,212.982,2,,,50117,
5,1,18,320,239.983,2,,,50118,
5,1,19,321,267.314,2,,,50119,
5,1,20,322,288.389,2,,,50120,
5,1,21,323,321.155,2,,,50121,
5,1,22,324,322.09,2,,,50122,
5,1,23,325,-0.91,4,,,50123,titrator froze--could not properly complete titration
5,1,24,326,321.614,2,,,50124,
6,1,1,701,225.796,2,,,60101,
6,1,2,102,221.458,2,,,60102,
6,1,3,103,216.961,2,,,60103,
6,1,4,104,212.883,2,,,60104,
6,1,5,105,208.31,2,,,60105,
6,1,6,106,204.415,2,,,60106,
6,1,7,107,201.078,2,0.126,200.989,60107,
6,1,7,108,200.9,2,,,60107,
6,1,8,109,197.271,2,,,60108,
6,1,9,110,195.525,2,,,60109,
6,1,10,111,190.851,2,,,60110,
6,1,11,112,188.48,3,,,60111,bubble movement in tubing; bottle volume incorrect--file corrected and o2 concentration recalculated 
6,1,12,113,183.362,2,,,60112,
6,1,13,114,186.634,2,,,60113,
6,1,14,115,186.307,2,,,60114,
6,1,15,116,191.118,2,,,60115,
6,1,16,117,202.083,3,,,60116,stopper floating up but no bubbles in flask
6,1,17,118,228.086,2,0.346,227.841,60117,
6,1,17,119,227.596,2,,,60117,
6,1,18,120,266.776,2,,,60118,
6,1,19,121,284.092,2,,,60119,
6,1,20,122,305.794,2,,,60120,
6,1,21,123,-999,5,,,60121,titrator froze--could not properly complete titration
6,1,22,124,321.073,2,,,60122,sat open (and acidified) for a while due to titrator issues
6,1,23,125,321.821,2,,,60123,
6,1,24,126,321.26,2,,,60124,
7,1,1,301,227.693,2,,,70101,
7,1,2,302,218.516,2,,,70102,
7,1,3,303,216.546,2,,,70103,
7,1,4,304,210.046,2,,,70104,
7,1,5,305,205.321,2,,,70105,
7,1,6,306,202.735,3,,,70106,stopper floated up but no bubbles in flask
7,1,7,307,197.547,2,,,70107,
7,1,8,308,209.766,2,,,70108,outlier on profile--bottle volume questionable
7,1,9,309,190.122,2,0.042,190.152,70109,
7,1,9,310,190.182,2,,,70109,
7,1,10,311,185.53,2,,,70110,
7,1,11,312,181.479,2,,,70111,
7,1,12,313,180.184,2,,,70112,
7,1,13,314,177.455,2,,,70113,
7,1,14,315,178.436,2,,,70114,
7,1,15,316,180.996,2,,,70115,
7,1,16,317,200.01,2,,,70116,
7,1,17,318,243.748,2,,,70117,
7,1,18,319,265.144,2,,,70118,
7,1,19,320,275.297,2,3.109,277.496,70119,
7,1,19,321,279.694,3,,,70119,voltage spike right before EP
7,1,20,322,288.344,2,,,70120,
7,1,21,323,299.943,2,,,70121,
7,1,22,324,314.024,2,,,70122,
7,1,23,325,320.021,2,,,70123,
7,1,24,326,321.741,2,,,70124,
8,1,1,701,234.102,2,,,80101,
8,1,2,102,230.36,2,,,80102,n>30; EP estimated via linear regression
8,1,3,103,225.442,4,,,80103,"titrator froze, turned off and restarted, but sample already partially titrated"
8,1,4,104,222.264,2,,,80104,
8,1,5,105,219.12,3,,,80105,n>30; EP estimated via linear regression
8,1,6,106,214.445,2,,,80106,
8,1,7,107,210.037,2,,,80107,
8,1,8,108,205.715,2,,,80108,
8,1,9,109,199.943,2,,,80109,
8,1,10,110,195.3,2,,,801010,n>30; EP estimated via linear regression
8,1,11,111,190.71,2,0.467,191.04,80111,
8,1,11,112,191.37,2,,,80111,bottle volume incorrect--file corrected and o2 concentration recalculated 
8,1,12,113,185.849,2,,,80112,
8,1,13,114,181.95,2,,,80113,
8,1,14,115,179.401,2,,,80114,
8,1,15,116,176.176,2,,,80115,
8,1,16,117,181.213,2,,,80116,
8,1,17,118,193.267,2,,,80117,
8,1,18,119,230.149,2,,,80118,
8,1,19,120,280.798,2,,,80119,rubber absorbed a lot of water in seal
8,1,20,121,303.38,2,,,80120,n>30; EP estimated via linear regression
8,1,21,122,312.54,2,0.394,312.262,80121,
8,1,21,123,311.983,2,,,80121,
8,1,22,124,320.499,2,,,80122,
8,1,23,125,328.033,2,,,80123,
8,1,24,126,328.508,2,,,80124,
9,1,1,701,238.98,2,,,90101,
9,1,2,102,229.99,2,,,90102,
9,1,3,103,224.074,2,,,90103,
9,1,4,104,221.807,2,,,90104,
9,1,5,105,218.193,2,,,90105,EP @ 0.09uA
9,1,6,106,214.74,2,,,90106,recalculated w/ correct salinity
9,1,7,107,210.761,2,0.494,210.412,90107,
9,1,7,108,210.062,2,,,90107,
9,1,8,109,205.174,2,,,90108,
9,1,9,110,200.474,2,,,90109,
9,1,10,111,194.433,4,,,90110,bubble in flask; EP @ 0.12uA
9,1,11,112,185.55,2,,,90111,bottle volume incorrect--file corrected and o2 concentration recalculated 
9,1,12,113,183.151,2,,,90112,
9,1,13,114,179.526,2,,,90113,
9,1,14,115,177.165,2,,,90114,
9,1,15,116,171.383,2,,,90115,
9,1,16,117,180.893,2,,,90116,
9,1,17,118,182.189,2,0.17,182.069,90117,
9,1,17,119,181.949,2,,,90117,
9,1,18,120,206.339,2,,,90118,
9,1,19,121,259.317,2,,,90119,
9,1,20,122,295.157,2,,,90120,noisy EP
9,1,21,123,309.538,2,,,90121,
9,1,22,124,322.467,3,,,90122,bubble moved in tubing
9,1,23,125,323.026,3,,,90123,tiny bubble under rim
9,1,24,126,329.3,4,,,90124,bubble in flask
10,1,1,701,217.348,4,,,100101,"titrator froze on 3rd point, titration restarted but already partially titrated"
10,1,2,102,226.753,2,,,100102,
10,1,3,103,222.276,2,,,100103,
10,1,4,104,217.512,2,,,100104,
10,1,5,105,210.13,2,0.787,209.57,100105,n>30; EP estimated via linear regression
10,1,5,106,209.014,3,,,100105,a couple tiny bubbles around rim
10,1,6,107,204.019,2,,,100106,
10,1,7,108,199.578,2,,,100107,
10,1,8,109,200.776,2,,,100108,
10,1,9,110,201.607,2,,,100109,
10,1,10,111,177.04,2,,,100110,
10,1,11,112,171.67,2,,,100111,bottle volume incorrect--file corrected and o2 concentration recalculated 
10,1,12,113,172.421,3,,,100112,bubble movement in tubing
10,1,13,114,174.528,3,,,100113,bubble in tubing?
10,1,14,115,184.118,2,0.455,183.797,100114,
10,1,14,116,183.475,2,,,100114,
10,1,15,117,207.322,2,,,100115,
10,1,16,118,240.138,2,,,100116,
10,1,17,119,250.481,2,,,100117,
10,1,18,120,264.686,2,,,100118,
10,1,19,121,292.153,2,,,100119,
10,1,20,122,293.742,2,,,100120,
10,1,21,123,293.785,2,,,100121,
10,1,22,124,294.241,2,,,100122,
10,1,23,125,294.383,2,,,100123,
10,1,24,126,293.54,2,,,100124,
11,2,1,701,230.546,2,,,110201,switched to 2Apr26 firmware
11,2,2,102,223.688,2,,,110202,
11,2,3,103,220.887,2,0.129,220.978,110203,
11,2,3,104,221.07,2,,,110203,n>30; EP estimated via linear regression
11,2,4,105,218.5,2,,,110204,n>30; EP estimated via linear regression
11,2,5,106,212.36,2,,,110205,n>30; EP estimated via linear regression
11,2,6,107,206.753,2,,,110206,
11,2,7,108,201.139,2,,,110207,switched back to 19Apr24 firmware
11,2,8,109,208.703,2,,,110208,EP @ 0.12uA
11,2,9,110,208.963,2,,,110209,EP @ 0.08uA
11,2,10,111,203.988,2,,,110210,
11,2,11,112,173.3,2,,,110211,bottle volume incorrect--file corrected and o2 concentration recalculated 
11,2,12,113,179.169,4,,,110212,bubble in flask--seal lost
11,2,13,114,170.679,2,,,110213,
11,2,14,115,178.382,2,,,110214,
11,2,15,116,194.504,2,,,110215,
11,2,16,117,218.475,2,0.144,218.373,110216,voltage spike near EP
11,2,16,118,218.271,2,,,110216,
11,2,17,119,256.531,2,,,110217,
11,2,18,120,288.624,2,,,110218,
11,2,19,121,298.862,2,,,110219,
11,2,20,122,305.454,2,,,110220,
11,2,21,123,305.825,2,,,110221,
11,2,22,124,304.051,2,,,110222,couple of black specs floating in sample
11,2,23,125,302.014,2,,,110223,
11,2,24,126,296.461,2,,,110224,
12,1,1,701,231.497,2,,,120101,
12,1,2,102,223.22,2,,,120102,
12,1,3,103,221.891,3,,,120103,tiny bubble in flask
12,1,4,104,216.544,2,0.371,216.282,120104,
12,1,4,105,216.019,2,,,120104,
12,1,5,106,207.517,2,,,120105,
12,1,6,107,204.027,2,,,120106,
12,1,7,108,210.896,3,,,120107,little bubble in flask
12,1,8,109,204.811,2,,,120108,
12,1,9,110,189.633,2,,,120109,
12,1,10,111,175.132,2,,,120110,
12,1,11,112,181.13,2,,,120111,bottle volume incorrect--file corrected and o2 concentration recalculated 
12,1,12,113,198.895,2,,,120112,
12,1,13,114,217.688,2,,,120113,
12,1,14,115,245.503,2,,,120114,
12,1,15,116,259.957,2,,,120115,
12,1,16,117,267.135,2,,,120116,
12,1,17,118,259.973,2,,,120117,
12,1,18,119,248.225,2,0.62,247.787,120118,
12,1,18,120,247.348,2,,,120118,
12,1,19,121,255.438,2,,,120119,
12,1,20,122,254.639,2,,,120120,
12,1,21,123,255.963,2,,,120121,
12,1,22,124,263.29,2,,,120122,
12,1,23,125,264.305,2,,,120123,
12,1,24,126,263.839,2,,,120124,
13,1,1,701,226.277,2,,,130101,
13,1,2,102,221.78,2,,,130102,
13,1,3,103,219.795,2,,,130103,
13,1,4,104,214.806,2,,,130104,
13,1,5,105,207.742,2,,,130105,
13,1,6,106,202.622,2,,,130106,
13,1,7,107,202.581,2,,,130107,
13,1,8,108,199.865,2,0.202,200.008,130108,
13,1,8,109,200.15,2,,,130108,
13,1,9,110,184.26,2,,,130109,
13,1,10,111,173.997,2,,,130110,
13,1,11,112,175.43,2,,,130111,bottle volume incorrect--file corrected and o2 concentration recalculated 
13,1,12,113,181.4,4,,,130112,bubble in flask
13,1,13,114,194.78,2,,,130113,
13,1,14,115,215.191,2,,,130114,
13,1,15,116,239.959,2,,,130115,
13,1,16,117,258.222,2,,,130116,
13,1,17,118,268.2,2,,,130117,
13,1,18,119,276.633,2,,,130118,
13,1,19,120,275.401,2,0.467,275.071,130119,
13,1,19,121,274.74,2,,,130119,
13,1,20,122,273.153,2,,,130120,
13,1,21,123,289.822,2,,,130121,
13,1,22,124,290.888,2,,,130122,
13,1,23,125,287.778,2,,,130123,
13,1,24,126,291.49,4,,,130124,bubble in flask
14,1,1,701,231.703,2,,,140101,
14,1,2,102,222.701,2,,,140102,
14,1,3,103,220.904,2,,,140103,
14,1,4,104,214.74,2,0.297,214.95,140104,
14,1,4,105,215.16,2,,,140104,
14,1,5,106,207.699,2,,,140105,
14,1,6,107,200.489,2,,,140106,
14,1,7,108,188.035,3,,,140107,teeny bubble in flask
14,1,8,109,201.454,2,,,140108,
14,1,9,110,185.037,2,,,140109,
14,1,10,111,176.567,2,,,140110,
14,1,11,112,185.26,2,,,140111,bottle volume incorrect--file corrected and o2 concentration recalculated 
14,1,12,713,202.905,2,,,140112,
14,1,13,114,222.122,2,,,140113,
14,1,14,115,246.442,2,1.217,247.303,140114,
14,1,14,116,248.16,2,,,140114,n>30; EP estimated via linear regression
14,1,15,117,261.107,2,,,140115,
14,1,16,118,266.951,2,,,140116,
14,1,17,119,261.546,2,,,140117,
14,1,18,120,258.328,2,,,140118,
14,1,19,121,253.534,2,,,140119,
14,1,20,122,252.168,2,,,140120,
14,1,21,123,253.217,2,,,140121,
14,1,22,124,263.152,2,,,140122,
14,1,23,125,266.397,2,,,140123,
14,1,24,726,265.786,2,,,140124,
15,2,1,701,222.362,2,,,150201,
15,2,2,102,221.12,2,,,150202,
15,2,3,103,218.27,2,0.189,218.404,150203,
15,2,3,104,218.537,2,,,150203,
15,2,4,105,212.443,2,,,150204,
15,2,5,106,204.825,2,,,150205,
15,2,6,107,199.448,2,,,150206,
15,2,7,108,189.946,2,,,150207,
15,2,8,109,209.638,2,,,150208,
15,2,9,110,188.149,2,,,150209,
15,2,10,111,176.646,2,,,150210,
15,2,11,112,181.62,3,,,150211,little bubble under rim; bottle volume incorrect--file corrected and o2 concentration recalculated 
15,2,12,713,194.48,2,,,150212,
15,2,13,114,215.875,2,0.27,216.066,150213,
15,2,13,115,216.257,2,,,150213,
15,2,14,116,239.87,2,,,150214,
15,2,15,117,257.94,2,,,150215,
15,2,16,118,265.826,2,,,150216,
15,2,17,119,259.459,2,,,150217,
15,2,18,120,260.32,2,,,150218,
15,2,19,121,251.865,2,,,150219,
15,2,20,122,247.391,2,,,150220,
15,2,21,123,246.51,2,,,150221,
15,2,22,124,253.462,2,,,150222,
15,2,23,125,264.179,2,,,150223,
15,2,24,726,267.003,2,,,150224,
16,1,1,701,223.752,2,,,160101,m=7.5
16,1,2,102,220.86,2,,,160102,
16,1,3,103,217.301,2,,,160103,
16,1,4,104,210.783,2,,,160104,
16,1,5,105,203.617,2,,,160105,
16,1,6,106,205.787,2,,,160106,funky plot
16,1,7,107,209.751,2,,,160107,
16,1,8,108,194.981,2,,,160108,m=8
16,1,9,109,178.319,2,,,160109,
16,1,10,110,178.002,2,,,160110,
16,1,11,111,189.193,2,,,160111,
16,1,12,112,206.79,2,0.148,206.683,160112,bottle volume incorrect--file corrected and o2 concentration recalculated 
16,1,12,713,206.578,2,,,160112,
16,1,13,714,229.401,2,,,160113,
16,1,14,115,252.877,2,,,160114,
16,1,15,116,263.909,2,,,160115,
16,1,16,117,268.402,2,,,160116,
16,1,17,118,257.971,2,,,160117,
16,1,18,119,253.84,2,,,160118,
16,1,19,120,250.074,2,,,160119,
16,1,20,121,255.281,2,,,160120,
16,1,21,122,253.524,2,,,160121,
16,1,22,123,278.151,2,,,160122,
16,1,23,124,279.226,2,,,160123,
16,1,24,125,277.818,2,0.055,277.857,160124,
16,1,24,726,277.896,2,,,160124,
17,1,1,701,222.164,2,,,170101,
17,1,2,102,221.21,2,,,170102,n>30; EP estimated via linear regression
17,1,3,103,217.917,2,,,170103,
17,1,4,104,210.63,2,,,170104,n>30; EP estimated via linear regression
17,1,5,105,205.34,2,,,170105,
17,1,6,106,206.435,2,,,170106,
17,1,7,107,204.357,2,0.165,204.24,170107,
17,1,7,108,204.123,3,,,170107,teeny bubble in flask
17,1,8,109,192.738,2,,,170108,
17,1,9,110,181.513,2,,,170109,
17,1,10,111,176.271,2,,,170110,
17,1,11,112,187.08,2,,,170111,bottle volume incorrect--file corrected and o2 concentration recalculated 
17,1,12,713,200.609,2,,,170112,
17,1,13,714,222.263,2,,,170113,
17,1,14,115,245.563,2,,,170114,
17,1,15,116,260.489,2,,,170115,
17,1,16,117,266.8,2,,,170116,
17,1,17,118,260.098,2,0.322,260.326,170117,
17,1,17,119,260.554,2,,,170117,
17,1,18,120,251.387,3,,,170118,small bubble moved through line
17,1,19,121,253.018,2,,,170119,
17,1,20,122,255.48,2,,,170120,
17,1,21,123,258.665,2,,,170121,
17,1,22,124,266.942,2,,,170122,
17,1,23,125,266.372,2,,,170123,
17,1,24,726,267.306,2,,,170124,
18,1,1,701,221.282,2,,,180101,
18,1,2,102,217.569,2,,,180102,
18,1,3,103,211.133,2,,,180103,
18,1,4,104,205.756,2,,,180104,
18,1,5,105,203.27,,,,180105,n>30; EP estimated via linear regression
18,1,6,106,211.654,2,0.204,211.799,180106,
18,1,6,107,211.943,2,,,180106,
18,1,7,108,199.101,2,,,180107,
18,1,8,109,188.911,2,,,180108,
18,1,9,110,175.94,2,,,180109,"flask #, temp, sal entered incorrectly--recalculated"
18,1,10,111,180.215,2,,,180110,
18,1,11,112,194.06,2,,,180111,n>30; EP estimated via linear regression
18,1,12,713,215.65,2,,,180112,n>30; EP estimated via linear regression
18,1,13,714,239.112,2,,,180113,
18,1,14,115,259.422,2,,,180114,
18,1,15,116,265.128,2,,,180115,
18,1,16,117,267.551,2,0.641,267.098,180116,
18,1,16,118,266.644,2,,,180116,
18,1,17,119,258.787,2,,,180117,
18,1,18,120,255.217,2,,,180118,
18,1,19,121,253.125,2,,,180119,
18,1,20,122,251.542,3,,,180120,
18,1,21,123,254.786,3,,,180121,
18,1,22,124,257.521,2,,,180122,
18,1,23,125,263.936,2,,,180123,
18,1,24,726,279.529,2,,,180124,
19,1,1,701,221.352,2,,,190101,
19,1,2,102,213.777,2,,,190102,
19,1,3,103,208.641,2,,,190103,
19,1,4,104,205.31,2,,,190104,
19,1,5,105,203.555,2,,,190105,
19,1,6,106,206.847,2,,,190106,
19,1,7,107,196.942,2,,,190107,
19,1,8,108,177.762,2,0.023,177.746,190108,
19,1,8,109,177.729,2,,,190108,
19,1,9,110,180.149,2,,,190109,
19,1,10,111,188.538,2,,,190110,
19,1,11,112,207.79,2,,,190111,bottle volume incorrect--file corrected and o2 concentration recalculated 
19,1,12,713,233.91,2,,,190112,
19,1,13,714,256.362,2,,,190113,
19,1,14,115,265.73,2,,,190114,
19,1,15,116,265.187,2,,,190115,
19,1,16,117,257.897,4,,,190116,bubble in flask--bad seal
19,1,17,118,248.897,2,,,190117,
19,1,18,119,250.138,2,,,190118,
19,1,19,120,256.941,2,,,190119,
19,1,20,121,257.336,2,0.361,257.592,190120,
19,1,20,122,257.847,2,,,190120,
19,1,21,123,259.186,2,,,190121,
19,1,22,124,260.962,2,,,190122,
19,1,23,125,263.765,2,,,190123,
19,1,24,726,263.552,2,,,190124,
20,1,1,701,219.91,2,0.27,219.719,200101,noisy EP
20,1,1,102,219.528,2,,,200101,
20,1,2,103,215.589,2,,,200102,
20,1,3,104,211.139,2,,,200103,
20,1,4,105,205.637,2,,,200104,
20,1,5,106,211.964,2,,,200105,
20,1,6,107,214.2,2,,,200106,
20,1,7,108,203.135,2,,,200107,
20,1,8,109,182.745,2,,,200108,
20,1,9,110,180.37,2,,,200109,
20,1,10,111,189.826,2,,,200110,
20,1,11,112,206.62,2,0.494,206.271,200111,
20,1,11,713,205.922,2,,,200111,
20,1,12,714,228.449,2,,,200112,
20,1,13,115,253.406,2,,,200113,
20,1,14,116,265.13,2,,,200114,
20,1,15,717,263.877,2,,,200115,
20,1,16,118,251.183,2,,,200116,
20,1,17,119,246.726,2,,,200117,
20,1,18,120,245.506,2,,,200118,
20,1,19,121,242.606,2,,,200119,
20,1,20,122,245.337,2,,,200120,
20,1,21,123,261.633,2,,,200121,
20,1,22,124,256.873,2,,,200122,
20,1,23,125,254.283,2,,,200123,
20,1,24,726,254.571,2,,,200124,
21,1,1,701,220.03,2,,,210101,
21,1,2,102,212.062,2,,,210102,
21,1,3,103,207.182,2,,,210103,
21,1,4,104,211.386,2,0.31,211.167,210104,
21,1,4,105,210.947,2,,,210104,
21,1,5,106,214.092,2,,,210105,
21,1,6,107,206.067,2,,,210106,
21,1,7,108,186.796,2,,,210107,
21,1,8,109,178.723,2,,,210108,
21,1,9,110,184.856,2,,,210109,
21,1,10,111,200.95,2,,,210110,
21,1,11,112,222.101,2,,,210111,
21,1,12,713,248.218,2,,,210112,
21,1,13,714,259.165,2,,,210113,draw temp possibly wrong
21,1,14,115,266.014,2,0.117,266.097,210114,
21,1,14,116,266.18,2,,,210114,
21,1,15,717,265.611,2,,,210115,
21,1,16,118,252.829,2,,,210116,
21,1,17,119,246.783,2,,,210117,
21,1,18,120,242.373,2,,,210118,
21,1,19,121,244.72,2,,,210119,
21,1,20,122,246.617,2,,,210120,
21,1,21,123,249.17,2,,,210121,
21,1,22,124,254.798,2,,,210122,
21,1,23,125,252.433,2,,,210123,
21,1,24,726,255.365,2,,,210124,
22,1,1,701,219.422,2,,,220101,
22,1,2,102,212.969,2,,,220102,
22,1,3,103,208.617,2,,,220103,
22,1,4,104,208.948,2,,,220104,
22,1,5,105,216.074,2,,,220105,
22,1,6,106,209.024,2,,,220106,
22,1,7,107,188.6,2,0.127,188.51,220107,
22,1,7,108,188.42,2,,,220107,
22,1,8,109,177.014,2,,,220108,
22,1,9,110,188.702,2,,,220109,
22,1,10,111,207.683,2,,,220110,
22,1,11,112,226.771,2,,,220111,
22,1,12,713,250.29,3,,,220112,stopper floated up--seal lost? No bubbles
22,1,13,714,263.717,2,,,220113,
22,1,14,115,263.697,2,,,220114,
22,1,15,116,248.229,2,,,220115,
22,1,16,717,235.067,2,,,220116,
22,1,17,118,238.605,2,0.39,238.329,220117,
22,1,17,119,238.053,2,,,220117,
22,1,18,120,230.329,2,,,220118,
22,1,19,121,225.33,2,,,220119,
22,1,20,122,220.413,2,,,220120,
22,1,21,123,236.083,2,,,220121,
22,1,22,124,242.92,2,,,220122,
22,1,23,125,243.823,2,,,220123,
22,1,24,726,243.938,2,,,220124,
23,2,1,701,218.978,2,,,230201,
23,2,2,102,210.112,2,,,230202,noisy EP
23,2,3,103,208.651,2,,,230203,
23,2,4,104,216.472,2,,,230204,
23,2,5,105,207.299,2,,,230205,
23,2,6,106,190.679,2,,,230206,
23,2,7,107,177.596,2,,,230207,
23,2,8,108,192.867,2,,,230208,
23,2,9,109,213.701,2,,,230209,
23,2,10,110,236.218,2,0.414,236.511,230210,
23,2,10,111,236.803,4,,,230210,bubble in flask 
23,2,11,112,255.484,2,,,230211,
23,2,12,713,255.208,2,,,230212,
23,2,13,714,238.057,2,,,230213,
23,2,14,115,226.855,2,,,230214,
23,2,15,116,227.094,2,,,230215,
23,2,16,717,226.013,2,,,230216,
23,2,17,118,215.464,2,,,230217,
23,2,18,119,214.054,2,,,230218,
23,2,19,120,213.295,2,,,230219,
23,2,20,121,213.9,2,,,230220,
23,2,21,122,217.467,2,,,230221,noisy EP
23,2,22,123,232.958,2,0.363,233.215,230222,
23,2,22,124,233.471,2,,,230222,
23,2,23,125,233.51,2,,,230223,
23,2,24,726,233.017,2,,,230224,
24,1,1,701,218.68,2,,,240101,
24,1,2,102,211.395,2,,,240102,
24,1,3,103,208.548,2,,,240103,
24,1,4,104,214.329,2,,,240104,
24,1,5,105,210.589,2,,,240105,
24,1,6,106,195.753,2,,,240106,
24,1,7,107,177.667,2,,,240107,
24,1,8,108,189.287,2,,,240108,
24,1,9,109,214.402,2,0.076,214.456,240109,
24,1,9,110,214.509,2,,,240109,
24,1,10,111,234.96,2,,,240110,
24,1,11,112,255.868,2,,,240111,
24,1,12,713,254.119,2,,,240112,stopper floated up but no bubbles
24,1,13,714,233.454,2,,,240113,
24,1,14,115,221.293,2,,,240114,
24,1,15,116,221.92,2,,,240115,
24,1,16,717,216.212,2,,,240116,
24,1,17,118,215.103,2,,,240117,
24,1,18,119,216.105,2,,,240118,
24,1,19,120,216.152,2,0.692,216.642,240119,
24,1,19,121,217.131,2,,,240119,
24,1,20,122,225.132,2,,,240120,
24,1,21,123,229.659,2,,,240121,
24,1,22,124,231.338,2,,,240122,
24,1,23,125,231.101,2,,,240123,
24,1,24,726,231.128,2,,,240124,
25,1,1,701,216.695,2,,,250101,
25,1,2,102,211.915,2,0.202,211.772,250102,
25,1,2,103,211.629,2,,,250102,
25,1,3,104,208.326,2,,,250103,ran this sample first
25,1,4,105,215.558,2,,,250104,
25,1,5,106,215.894,2,,,250105,
25,1,6,107,204.868,2,,,250106,
25,1,7,108,184.376,2,,,250107,
25,1,8,109,178.248,2,,,250108,
25,1,9,110,204.888,2,,,250109,
25,1,10,111,231.352,2,,,250110,
25,1,11,112,249.508,2,,,250111,
25,1,12,713,261.367,2,0.087,261.429,250112,
25,1,12,714,261.49,2,,,250112,
25,1,13,115,237.563,2,,,250113,
25,1,14,116,221.982,2,,,250114,
25,1,15,717,222.74,2,,,250115,
25,1,16,118,232.594,2,,,250116,
25,1,17,119,231.394,2,,,250117,
25,1,18,120,217.039,2,,,250118,
25,1,19,121,210.216,2,,,250119,
25,1,20,122,209.755,2,,,250120,
25,1,21,123,229.552,2,,,250121,
25,1,22,124,233.708,2,,,250122,
25,1,23,125,233.786,2,,,250123,
25,1,24,726,233.559,2,,,250124,
26,1,1,701,216.323,2,,,260101,
26,1,2,102,209.226,2,,,260102,
26,1,3,103,210.933,2,,,260103,
26,1,4,104,217.202,2,,,260104,
26,1,5,105,212.402,2,0.091,212.338,260105,
26,1,5,106,212.273,2,,,260105,
26,1,6,107,191.669,2,,,260106,
26,1,7,108,178.109,2,,,260107,
26,1,8,109,196.131,2,,,260108,
26,1,9,110,220.871,2,,,260109,
26,1,10,111,237.888,2,,,260110,
26,1,11,112,254.468,2,,,260111,
26,1,12,713,247.622,2,,,260112,
26,1,13,714,223.829,2,,,260113,
26,1,14,115,218.776,2,,,260114,
26,1,15,116,224.522,2,0.178,224.396,260115,
26,1,15,717,224.27,2,,,260115,
26,1,16,118,230.874,2,,,260116,
26,1,17,119,228.756,2,,,260117,
26,1,18,120,229.046,2,,,260118,
26,1,19,121,233.826,4,,,260119,bubble in flask--bad seal
26,1,20,122,226.961,2,,,260120,
26,1,21,123,236.071,2,,,260121,
26,1,22,124,235.064,2,,,260122,noisy EP
26,1,23,125,235.388,2,,,260123,
26,1,24,726,234.704,2,,,260124,
27,1,1,701,216.635,2,,,270101,
27,1,2,102,212.373,2,,,270102,
27,1,3,103,209.636,2,,,270103,
27,1,4,104,212.269,2,,,270104,
27,1,5,105,212.355,2,,,270105,
27,1,6,106,195.838,3,0.373,196.102,270106,small bubble in flask
27,1,6,107,196.366,2,,,270106,
27,1,7,108,181.975,4,,,270107,bubble in flask--bad seal
27,1,8,109,189.38,2,,,270108,
27,1,9,110,217.035,2,,,270109,
27,1,10,111,245.287,2,,,270110,
27,1,11,112,251.778,2,,,270111,
27,1,12,713,250.394,2,,,270112,
27,1,13,714,227.93,2,,,270113,
27,1,14,115,219.059,2,,,270114,
27,1,15,116,219.549,2,,,270115,
27,1,16,717,228.71,2,0.287,228.913,270116,
27,1,16,118,229.116,2,,,270116,
27,1,17,119,231.499,2,,,270117,
27,1,18,120,229.013,2,,,270118,
27,1,19,121,229.081,2,,,270119,
27,1,20,122,229.602,2,,,270120,
27,1,21,123,235.537,2,,,270121,
27,1,22,124,236.437,2,,,270122,
27,1,23,125,236.263,2,,,270123,
27,1,24,726,235.698,2,,,270124,
28,1,1,701,216.353,2,,,280101,
28,1,2,102,214.6,2,,,280102,n>30; EP estimated via linear regression
28,1,3,103,211.95,2,,,280103,
28,1,4,104,210.722,2,,,280104,
28,1,5,105,214.527,2,,,280105,
28,1,6,106,203.58,2,,,280106,
28,1,7,107,183.997,2,,,280107,
28,1,8,108,183.056,2,,,280108,
28,1,9,109,210.922,2,,,280109,
28,1,10,110,227.197,2,,,280110,
28,1,11,111,248.584,2,,,280111,
28,1,12,112,257.647,2,,,280112,
28,1,13,713,230.666,2,0.091,230.602,280113,
28,1,13,714,230.538,2,,,280113,
28,1,14,115,223.524,2,,,280114,
28,1,15,116,225.655,2,,,280115,
28,1,16,717,233.976,2,,,280116,
28,1,17,118,232.059,2,,,280117,
28,1,18,119,227.294,2,,,280118,
28,1,19,120,227.091,2,,,280119,
28,1,20,121,230.38,2,,,280120,
28,1,21,122,238.091,2,,,280121,
28,1,22,123,235.812,2,,,280122,
28,1,23,124,236.344,2,0.113,236.264,280123,
28,1,23,125,236.184,2,,,280123,
28,1,24,726,236.436,2,,,280124,
29,1,1,701,216.158,2,,,290101,
29,1,2,102,215.147,2,,,290102,
29,1,3,103,215.852,2,,,290103,
29,1,4,104,215.597,2,,,290104,
29,1,5,105,204.85,2,,,290105,
29,1,6,106,190.506,2,,,290106,
29,1,7,107,179.925,2,,,290107,
29,1,8,108,195.803,2,,,290108,
29,1,9,109,222.851,2,,,290109,
29,1,10,110,245.139,2,,,290110,
29,1,11,111,258.741,2,0.739,259.264,290111,
29,1,11,112,259.786,2,,,290111,
29,1,12,713,242.818,2,,,290112,
29,1,13,714,222.69,2,,,290113,
29,1,14,115,220.062,2,,,290114,
29,1,15,116,227.454,2,,,290115,
29,1,16,717,229.259,2,,,290116,
29,1,17,118,228.085,2,,,290117,
29,1,18,119,225.619,2,,,290118,
29,1,19,120,225.007,2,,,290119,
29,1,20,121,222.379,2,0.255,222.56,290120,
29,1,20,122,222.74,2,,,290120,"decreased slope by 0.5, m=8.5"
29,1,21,123,232.037,2,,,290121,
29,1,22,124,236.726,2,,,290122,
29,1,23,125,236.901,2,,,290123,
29,1,24,726,236.323,2,,,290124,
30,2,1,701,215.512,2,,,300201,
30,2,2,102,223.186,2,,,300202,
30,2,3,103,238.367,2,,,300203,
30,2,4,104,234.087,2,,,300204,
30,2,5,105,208.733,2,,,300205,
30,2,6,106,184.836,2,,,300206,
30,2,7,107,182.61,2,,,300207,
30,2,8,108,197.872,2,0.208,198.019,300208,
30,2,8,109,198.166,2,,,300208,
30,2,9,110,218.05,2,,,300209,
30,2,10,111,236.687,2,,,300210,
30,2,11,112,248.316,2,,,300211,
30,2,12,713,247.773,2,,,300212,
30,2,13,714,231.363,2,,,300213,
30,2,14,115,219.766,2,,,300214,
30,2,15,116,220.262,2,,,300215,
30,2,16,717,226.229,2,,,300216,very little water in top of flask
30,2,17,118,231.197,2,,,300217,
30,2,18,119,228.638,2,0.222,228.795,300218,
30,2,18,120,228.952,2,,,300218,
30,2,19,121,233.531,4,,,300219,bubble in flask--bad seal
30,2,20,122,230.539,2,,,300220,
30,2,21,123,230.075,2,,,300221,
30,2,22,124,253.019,2,,,300222,
30,2,23,125,231.944,2,,,300223,
30,2,24,726,231.675,2,,,300224,
31,1,1,701,218.165,2,,,310101,"m=8.5, speed=0.6"
31,1,2,102,224.801,2,0.01,224.794,310102,
31,1,2,103,224.787,2,,,310102,
31,1,3,104,240.512,2,,,310103,
31,1,4,105,237.745,2,,,310104,speed=0.7
31,1,5,106,222.103,2,,,310105,
31,1,6,107,193.744,2,,,310106,
31,1,7,108,182.727,2,,,310107,
31,1,8,109,202.122,2,,,310108,
31,1,9,110,224.456,2,,,310109,
31,1,10,111,238.575,4,,,310110,bubble in flask
31,1,11,112,250.385,2,,,310111,
31,1,12,713,237.454,2,,,310112,
31,1,13,714,221.228,2,0.419,221.524,310113,
31,1,13,115,221.82,2,,,310113,
31,1,14,116,226.603,2,,,310114,speed=0.6
31,1,15,717,233.557,2,,,310115,
31,1,16,118,234.707,2,,,310116,
31,1,17,119,232.312,4,,,310117,bubble in flask- bad seal
31,1,18,120,229.93,2,,,310118,
31,1,19,121,229.965,2,,,310119,
31,1,20,122,234.529,2,,,310120,
31,1,21,123,253.861,2,,,310121,
31,1,22,124,231.607,2,,,310122,
31,1,23,125,230.632,2,,,310123,
31,1,24,726,230.605,2,,,310124,
32,1,1,701,219.26,2,,,320101,
32,1,2,102,230.421,2,,,320102,
32,1,3,103,239.76,2,,,320103,n>30; EP estimated via linear regression
32,1,4,104,241.707,2,0.042,241.737,320104,
32,1,4,105,241.767,2,,,320104,
32,1,5,106,227.59,2,,,320105,
32,1,6,107,205.298,2,,,320106,
32,1,7,108,181.827,2,,,320107,
32,1,8,109,194.385,2,,,320108,
32,1,9,110,219.198,2,,,320109,
32,1,10,111,239.028,2,,,320110,
32,1,11,112,254.174,2,,,320111,
32,1,12,713,242.854,2,,,320112,
32,1,13,714,224.157,2,,,320113,
32,1,14,115,221.739,2,1.208,220.885,320114,
32,1,14,116,220.03,2,,,320114,
32,1,15,717,230.846,2,,,320115,
32,1,16,118,234.291,2,,,320116,
32,1,17,119,228.883,2,,,320117,
32,1,18,120,229.14,2,,,320118,n>30; EP estimated via linear regression
32,1,19,121,228.9,2,,,320119,
32,1,20,122,233.509,2,,,320120,
32,1,21,123,249.288,2,,,320121,
32,1,22,124,239.294,2,,,320122,
32,1,23,125,232.79,2,,,320123,
32,1,24,726,231.935,2,,,320124,
33,1,1,701,219.63,2,,,330101,
33,1,2,102,228.023,2,,,330102,
33,1,3,103,240.27,2,,,330103,
33,1,4,104,241.375,2,,,330104,
33,1,5,105,231.744,2,,,330105,
33,1,6,106,214.665,2,,,330106,
33,1,7,107,186.133,2,,,330107,
33,1,8,108,185.033,2,,,330108,
33,1,9,109,209.722,2,0.575,210.129,330109,
33,1,9,110,210.535,2,,,330109,
33,1,10,111,231.799,2,,,330110,
33,1,11,112,248.377,2,,,330111,
33,1,12,713,246.3,2,,,330112,flask # entered incorrectly; recalculated w/ correct flask
33,1,13,714,221.35,2,,,330113,flask # entered incorrectly; recalculated w/ correct flask
33,1,14,115,217.755,2,,,330114,
33,1,15,116,208.086,2,,,330115,
33,1,16,717,216.106,2,,,330116,
33,1,17,118,227.933,2,,,330117,
33,1,18,119,222.638,2,,,330118,
33,1,19,120,225.079,2,0.68,224.599,330119,
33,1,19,121,224.118,2,,,330119,
33,1,20,122,224.504,2,,,330120,
33,1,21,123,236.331,2,,,330121,
33,1,22,124,241.454,2,,,330122,
33,1,23,125,226.157,2,,,330123,
33,1,24,726,224.58,2,,,330124,flask # entered incorrectly; recalculated w/ correct flask
34,1,1,701,220.696,2,,,340101,
34,1,2,102,233.816,2,,,340102,
34,1,3,103,241.881,2,,,340103,
34,1,4,104,237.326,2,,,340104,
34,1,5,105,221.499,2,0.354,221.249,340105,
34,1,5,106,220.999,2,,,340105,
34,1,6,107,197.958,2,,,340106,
34,1,7,108,182.558,2,,,340107,
34,1,8,109,198.656,2,,,340108,
34,1,9,110,222.604,2,,,340109,
34,1,10,111,238.475,2,,,340110,
34,1,11,112,244.102,2,,,340111,
34,1,12,713,228.008,2,,,340112,
34,1,13,714,215.584,2,,,340113,
34,1,14,115,210.677,2,,,340114,
34,1,15,116,216.33,2,,,340115,
34,1,16,717,217.34,2,0.275,217.535,340116,
34,1,16,118,217.729,2,,,340116,
34,1,17,119,223.206,3,,,340117,small bubble in flask
34,1,18,120,220.597,2,,,340118,
34,1,19,121,245.966,4,,,340119,bubble in flask--bad seal
34,1,20,122,247.952,2,,,340120,
34,1,21,123,249.818,2,,,340121,
34,1,22,124,238.22,2,,,340122,
34,1,23,125,222.464,2,,,340123,
34,1,24,726,221.924,2,,,340124,
35,1,1,701,226.469,2,,,350101,
35,1,2,102,230.54,2,,,350102,
35,1,3,103,234.857,2,,,350103,
35,1,4,104,241.532,2,,,350104,
35,1,5,105,238.8,2,,,350105,
35,1,6,106,226.96,2,,,350106,
35,1,7,107,202.471,2,,,350107,
35,1,8,108,182.449,2,,,350108,
35,1,9,109,194.36,2,,,350109,
35,1,10,110,220.95,2,0.276,220.755,350110,
35,1,10,111,220.559,2,,,350110,
35,1,11,112,237.259,2,,,350111,
35,1,12,713,248.018,2,,,350112,
35,1,13,714,231.07,2,,,350113,
35,1,14,115,216.689,2,,,350114,
35,1,15,116,219.449,2,,,350115,
35,1,16,717,221.006,2,,,350116,
35,1,17,118,218.729,2,,,350117,
35,1,18,119,219.186,3,,,350118,tiny bubbles under rim
35,1,19,120,227.202,2,,,350119,
35,1,20,721,234.218,2,0.427,234.52,350120,
35,1,20,122,234.822,2,,,350120,
35,1,21,123,245.898,2,,,350121,
35,1,22,124,244.473,2,,,350122,
35,1,23,125,223.408,2,,,350123,
35,1,24,726,222.372,2,,,350124,
36,1,1,701,228.546,2,,,360101,
36,1,2,102,234.535,2,,,360102,
36,1,3,103,239.2,2,0.022,239.185,360103,
36,1,3,104,239.169,2,,,360103,
36,1,4,105,241.455,2,,,360104,
36,1,5,106,232.601,2,,,360105,
36,1,6,107,210.901,2,,,360106,
36,1,7,108,186.513,2,,,360107,
36,1,8,109,183.695,2,,,360108,
36,1,9,110,206.673,2,,,360109,
36,1,10,111,226.616,2,,,360110,
36,1,11,112,248.67,2,,,360111,
36,1,12,713,238.566,2,,,360112,
36,1,13,714,218.457,2,,,360113,
36,1,14,115,222.058,2,0.821,221.478,360114,
36,1,14,116,220.897,2,,,360114,
36,1,15,717,229.673,2,,,360115,
36,1,16,118,232.988,2,,,360116,
36,1,17,119,226.936,2,,,360117,
36,1,18,120,219.643,2,,,360118,
36,1,19,721,220.499,2,,,360119,
36,1,20,122,226.416,2,,,360120,
36,1,21,123,246.253,2,,,360121,
36,1,22,124,252.422,2,,,360122,
36,1,23,125,227.889,2,,,360123,
36,1,24,726,223.943,2,,,360124,
37,1,1,701,232.209,2,,,370101,
37,1,2,102,236.319,3,,,370102,couple little bubbles in flask
37,1,3,103,238.578,2,,,370103,
37,1,4,104,241.55,2,0.141,241.451,370104,
37,1,4,105,241.351,2,,,370104,
37,1,5,106,235.925,2,,,370105,
37,1,6,107,219.015,2,,,370106,
37,1,7,108,194.87,2,,,370107,
37,1,8,109,184.18,2,,,370108,thio temp entered incorrectly--recalculated w/ correct temp
37,1,9,110,200.84,2,,,370109,thio temp entered incorrectly--recalculated w/ correct temp
37,1,10,111,221.99,2,,,370110,thio temp entered incorrectly--recalculated w/ correct temp
37,1,11,112,240.42,2,,,370111,thio temp entered incorrectly--recalculated w/ correct temp
37,1,12,713,243.03,2,,,370112,thio temp entered incorrectly--recalculated w/ correct temp
37,1,13,714,219.02,2,,,370113,thio temp entered incorrectly--recalculated w/ correct temp
37,1,14,115,212.86,2,,,370114,
37,1,15,116,228.388,2,0.162,228.274,370115,
37,1,15,717,228.159,2,,,370115,
37,1,16,118,229.177,2,,,370116,
37,1,17,119,222.982,2,,,370117,
37,1,18,120,222.533,2,,,370118,
37,1,19,721,234.686,2,,,370119,
37,1,20,122,247.653,2,,,370120,
37,1,21,123,248.542,2,,,370121,
37,1,22,124,226.64,2,,,370122,
37,1,23,125,222.878,2,,,370123,
37,1,24,726,222.892,2,,,370124,
38,2,1,701,221.537,2,,,380201,
38,2,2,102,230.404,2,,,380202,
38,2,3,103,238.839,2,,,380203,
38,2,4,104,243.885,2,,,380204,
38,2,5,105,240.651,2,,,380205,
38,2,6,106,228.86,2,,,380206,
38,2,7,107,205.066,2,,,380207,
38,2,8,108,185.844,2,,,380208,
38,2,9,109,196.287,2,,,380209,
38,2,10,110,216.167,2,,,380210,
38,2,11,111,231.699,2,,,380211,
38,2,12,112,234.59,3,4.06,231.72,380212,tiny bubbles under rim
38,2,12,713,228.849,2,,,380212,
38,2,13,714,207.74,2,,,380213,
38,2,14,115,209.752,2,,,380214,
38,2,15,116,217.74,2,,,380215,
38,2,16,717,218.542,2,,,380216,
38,2,17,118,217.169,2,,,380217,
38,2,18,119,223.809,4,,,380218,bubble in flask
38,2,19,120,229.997,2,,,380219,
38,2,20,721,233.453,2,,,380220,
38,2,21,122,240.521,2,0.576,240.114,380221,
38,2,21,123,239.706,2,,,380221,
38,2,22,124,247.655,2,,,380222,
38,2,23,125,217.023,2,,,380223,
38,2,24,726,216.898,2,,,380224,
39,1,1,701,219.228,2,,,390101,
39,1,2,102,225.255,2,,,390102,
39,1,3,103,237.04,2,,,390103,
39,1,4,104,244.051,2,,,390104,
39,1,5,105,242.775,2,,,390105,
39,1,6,106,233.678,2,,,390106,
39,1,7,107,216.186,2,0.233,216.021,390107,
39,1,7,108,215.856,2,,,390107,
39,1,8,109,190.094,2,,,390108,
39,1,9,110,188.403,2,,,390109,
39,1,10,111,206.916,2,,,390110,
39,1,11,112,224.176,2,,,390111,
39,1,12,713,225.376,2,,,390112,
39,1,13,714,215.001,2,,,390113,
39,1,14,115,208.246,2,,,390114,
39,1,15,116,218.723,2,,,390115,
39,1,16,717,222.768,2,,,390116,
39,1,17,118,219.316,2,0.355,219.567,390117,
39,1,17,119,219.818,2,,,390117,
39,1,18,120,218.805,2,,,390118,
39,1,19,721,227.313,2,,,390119,
39,1,20,122,237.116,2,,,390120,
39,1,21,123,238.923,2,,,390121,
39,1,22,124,243.08,2,,,390122,
39,1,23,125,217.839,2,,,390123,
39,1,24,726,217.773,2,,,390124,
40,1,1,701,220.272,2,,,400101,
40,1,2,102,233.227,2,,,400102,
40,1,3,103,241.928,2,,,400103,
40,1,4,104,245.196,2,,,400104,
40,1,5,105,238.498,2,,,400105,
40,1,6,106,223.66,2,,,400106,
40,1,7,107,199.331,2,,,400107,
40,1,8,108,185.019,2,,,400108,
40,1,9,109,197.016,2,,,400109,
40,1,10,110,218.831,2,,,400110,
40,1,11,111,228.046,2,,,400111,
40,1,12,112,230.575,2,,,400112,
40,1,13,713,211.816,2,,,400113,
40,1,14,714,221.139,2,0.396,221.419,400114,
40,1,14,115,221.699,2,,,400114,
40,1,15,116,236.66,2,,,400115,
40,1,16,717,218.357,2,,,400116,
40,1,17,118,219.338,2,,,400117,
40,1,18,119,223.839,2,,,400118,
40,1,19,120,227.25,2,,,400119,
40,1,20,721,233.253,2,,,400120,
40,1,21,122,239.842,2,,,400121,
40,1,22,123,240.136,2,,,400122,
40,1,23,124,216.912,2,,,400123,
40,1,24,125,216.786,2,0.064,216.741,400124,
40,1,24,726,216.695,2,,,400124,
41,1,1,701,223.657,2,,,410101,
41,1,2,102,230.268,2,,,410102,
41,1,3,103,239.855,2,,,410103,
41,1,4,104,245.581,2,,,410104,
41,1,5,105,241.236,2,,,410105,
41,1,6,106,231.293,2,0.004,231.291,410106,
41,1,6,107,231.288,2,,,410106,
41,1,7,108,209.154,2,,,410107,
41,1,8,109,187.638,2,,,410108,
41,1,9,110,189.558,2,,,410109,
41,1,10,111,212.289,2,,,410110,
41,1,11,112,229.989,2,,,410111,
41,1,12,713,231.969,2,,,410112,
41,1,13,714,214.911,2,,,410113,
41,1,14,115,214.622,2,,,410114,
41,1,15,116,225.468,2,0.569,225.066,410115,
41,1,15,717,224.664,2,,,410115,
41,1,16,118,222.478,2,,,410116,
41,1,17,119,218.935,2,,,410117,
41,1,18,120,223.197,2,,,410118,
41,1,19,721,232.071,2,,,410119,
41,1,20,122,239.192,2,,,410120,
41,1,21,123,244.747,2,,,410121,
41,1,22,124,217.893,2,,,410122,noisy EP
41,1,23,125,217.22,2,,,410123,
41,1,24,726,217.089,2,,,410124,
42,1,1,701,223.291,2,0.006,223.296,420101,
42,1,1,102,223.3,2,,,420101,
42,1,2,103,227.258,2,,,420102,
42,1,3,104,235.995,2,,,420103,
42,1,4,105,245.52,2,,,420104,
42,1,5,106,243.723,2,,,420105,
42,1,6,107,235.4,2,,,420106,
42,1,7,108,218.662,2,,,420107,
42,1,8,109,195.064,2,,,420108,
42,1,9,110,185.572,2,,,420109,
42,1,10,111,199.533,2,,,420110,
42,1,11,112,222.32,2,0.128,222.23,420111,
42,1,11,713,222.139,2,,,420111,
42,1,12,714,232.211,2,,,420112,
42,1,13,115,225.627,2,,,420113,
42,1,14,116,211.264,2,,,420114,
42,1,15,717,217.157,2,,,420115,
42,1,16,118,221.375,2,,,420116,
42,1,17,119,219.039,2,,,420117,
42,1,18,120,221.107,2,,,420118,
42,1,19,721,228.17,2,,,420119,noisy EP
42,1,20,122,237.4,2,,,420120,
42,1,21,123,242.583,2,,,420121,
42,1,22,124,241.396,2,,,420122,
42,1,23,125,217.251,2,,,420123,
42,1,24,726,217.16,2,,,420124,
43,1,1,701,223.478,2,,,430101,
43,1,2,102,228.746,2,,,430102,
43,1,3,103,242.768,2,,,430103,
43,1,4,104,246.5,2,0.385,246.228,430104,
43,1,4,105,245.955,2,,,430104,
43,1,5,106,238.811,2,,,430105,
43,1,6,107,225.814,2,,,430106,
43,1,7,108,206.703,2,,,430107,
43,1,8,109,186.366,2,,,430108,
43,1,9,110,190.25,2,,,430109,
43,1,10,111,208.714,2,,,430110,
43,1,11,112,233.741,2,,,430111,
43,1,12,713,228.432,2,,,430112,
43,1,13,714,213.897,2,0.621,214.336,430113,
43,1,13,115,214.775,2,,,430113,
43,1,14,116,214.084,2,,,430114,
43,1,15,717,218.9,2,,,430115,
43,1,16,118,219.502,2,,,430116,
43,1,17,119,220.623,2,,,430117,
43,1,18,120,224.545,2,,,430118,
43,1,19,721,233.763,2,,,430119,
43,1,20,122,247.355,2,,,430120,
43,1,21,123,250.311,2,,,430121,
43,1,22,124,216.957,2,,,430122,
43,1,23,125,216.075,2,,,430123,
43,1,24,726,216.361,2,,,430124,
44,1,1,701,224.551,2,,,440101,
44,1,2,102,226.37,2,,,440102,
44,1,3,103,230.61,2,,,440103,
44,1,4,104,242.767,2,,,440104,
44,1,5,105,246.999,2,0.059,247.041,440105,
44,1,5,106,247.082,2,,,440105,
44,1,6,107,242.544,2,,,440106,
44,1,7,108,231.743,2,,,440107,
44,1,8,109,214.943,2,,,440108,
44,1,9,110,190.001,2,,,440109,
44,1,10,111,187.241,2,,,440110,
44,1,11,112,198.383,2,,,440111,
44,1,12,713,216.801,2,,,440112,
44,1,13,714,220.865,2,,,440113,
44,1,14,115,211.715,2,,,440114,
44,1,15,116,211.348,2,,,440115,
44,1,16,717,215.855,2,0.09,215.919,440116,
44,1,16,118,215.982,2,,,440116,
44,1,17,119,217.091,2,,,440117,
44,1,18,120,217.435,2,,,440118,
44,1,19,721,221.829,2,,,440119,
44,1,20,122,236.424,2,,,440120,
44,1,21,123,237.528,2,,,440121,
44,1,22,124,223.073,2,,,440122,
44,1,23,125,214.416,2,,,440123,
44,1,24,726,214.43,2,,,440124,
45,2,1,701,222.143,2,,,450201,
45,2,2,102,223.359,2,,,450202,
45,2,3,103,224.896,2,,,450203,
45,2,4,104,228.477,2,,,450204,
45,2,5,105,239.799,2,,,450205,
45,2,6,106,246.973,2,,,450206,
45,2,7,107,240.257,2,,,450207,
45,2,8,108,222.881,2,0.01,222.888,450208,
45,2,8,109,222.895,2,,,450208,
45,2,9,110,200.866,2,,,450209,
45,2,10,111,185.337,2,,,450210,
45,2,11,112,192.793,2,,,450211,
45,2,12,713,212.684,2,,,450212,
45,2,13,714,218.85,2,,,450213,
45,2,14,115,210.479,2,,,450214,
45,2,15,116,207.283,2,,,450215,
45,2,16,717,213.32,2,,,450216,
45,2,17,118,214.678,2,,,450217,
45,2,18,119,217.117,2,0.006,217.121,450218,
45,2,18,120,217.125,2,,,450218,
45,2,19,721,212.712,2,,,450219,
45,2,20,122,227.651,2,,,450220,
45,2,21,123,235.953,2,,,450221,
45,2,22,124,236.593,2,,,450222,
45,2,23,125,208.604,2,,,450223,
45,2,24,726,208.009,2,,,450224,
46,1,1,701,228.199,2,,,460101,
46,1,2,102,228.272,2,0.37,228.011,460102,
46,1,2,103,227.749,2,,,460102,
46,1,3,104,229.221,2,,,460103,
46,1,4,105,232.26,2,,,460104,
46,1,5,106,243.811,2,,,460105,
46,1,6,107,248.803,2,,,460106,
46,1,7,108,241.865,2,,,460107,
46,1,8,109,228.999,2,,,460108,
46,1,9,110,212.27,2,,,460109,
46,1,10,111,189.862,2,,,460110,
46,1,11,112,185.47,2,,,460111,
46,1,12,713,196.37,2,,,460112,recalculated with correct salinity 
46,1,13,714,210.917,2,,,460113,
46,1,14,115,210.805,2,,,460114,
46,1,15,116,207.938,2,,,460115,
46,1,16,717,211.186,2,,,460116,
46,1,17,118,216.993,2,,,460117,
46,1,18,119,216.311,2,,,460118,
46,1,19,120,213.965,2,,,460119,
46,1,20,721,219.693,2,,,460120,
46,1,21,122,230.723,2,,,460121,
46,1,22,123,240.01,2,0.162,240.125,460122,
46,1,22,124,240.239,2,,,460122,
46,1,23,125,209.674,2,,,460123,
46,1,24,726,209.367,2,,,460124,
47,1,1,701,228.657,2,,,470101,
47,1,2,102,228.499,2,,,470102,
47,1,3,103,231.176,2,,,470103,
47,1,4,104,241.214,2,,,470104,
47,1,5,105,248.686,2,,,470105,
47,1,6,106,246.947,2,,,470106,
47,1,7,107,240.533,2,,,470107,
47,1,8,108,221.435,2,,,470108,
47,1,9,109,196.11,2,0.431,196.415,470109,
47,1,9,110,196.719,2,,,470109,
47,1,10,111,184.149,2,,,470110,
47,1,11,112,196.181,2,,,470111,
47,1,12,713,213.834,2,,,470112,
47,1,13,714,236.333,2,,,470113,
47,1,14,115,226.021,2,,,470114,
47,1,15,116,203.07,2,,,470115,
47,1,16,717,208.689,2,,,470116,
47,1,17,118,214.022,2,,,470117,
47,1,18,119,214.285,2,,,470118,
47,1,19,120,219.298,2,0.049,219.264,470119,
47,1,19,721,219.229,2,,,470119,
47,1,20,122,230.667,2,,,470120,
47,1,21,123,234.748,2,,,470121,
47,1,22,124,241.038,2,,,470122,
47,1,23,125,210.674,2,,,470123,
47,1,24,726,209.959,2,,,470124,
48,1,1,701,228.966,2,,,480101,
48,1,2,102,229.003,2,,,480102,
48,1,3,103,230.505,2,,,480103,
48,1,4,104,237.25,2,,,480104,
48,1,5,105,247.542,2,,,480105,
48,1,6,106,249.021,2,,,480106,
48,1,7,107,244.752,2,,,480107,
48,1,8,108,229.56,3,,,480108,teeny bubble
48,1,9,109,203.345,2,,,480109,
48,1,10,110,187.049,2,,,480110,
48,1,11,111,187.732,2,0.219,187.577,480111,
48,1,11,112,187.422,2,,,480111,
48,1,12,713,196.479,2,,,480112,
48,1,13,714,210.634,2,,,480113,
48,1,14,115,207.889,3,,,480114,a few black specs
48,1,15,116,202.13,2,,,480115,
48,1,16,717,209.311,2,,,480116,
48,1,17,118,216.101,2,,,480117,
48,1,18,119,215.218,2,,,480118,
48,1,19,120,214.949,2,,,480119,
48,1,20,721,227.559,2,,,480120,
48,1,21,122,236.817,2,,,480121,
48,1,22,123,240.579,2,,,480122,
48,1,23,124,206.67,2,0.331,206.436,480123,recalculated with correct salinity 
48,1,23,125,206.202,2,,,480123,
48,1,24,726,206.068,2,,,480124,
49,1,1,701,228.362,2,,,490101,
49,1,2,102,229.542,2,,,490102,
49,1,3,103,230.911,2,0.023,230.927,490103,
49,1,3,104,230.943,2,,,490103,tiny bubble in flask
49,1,4,105,239.694,2,,,490104,
49,1,5,106,248.584,2,,,490105,
49,1,6,107,248.596,2,,,490106,
49,1,7,108,239.042,2,,,490107,
49,1,8,109,214.047,2,,,490108,
49,1,9,110,191.908,2,,,490109,
49,1,10,111,184.723,2,,,490110,
49,1,11,112,195.046,2,,,490111,
49,1,12,713,210.719,4,,,490112,bubble in flask
49,1,13,714,210.207,2,0.43,210.511,490113,
49,1,13,115,210.815,2,,,490113,
49,1,14,116,202.82,2,,,490114,
49,1,15,717,209.371,2,,,490115,
49,1,16,118,209.686,2,,,490116,
49,1,17,119,215.281,2,,,490117,
49,1,18,120,209.327,2,,,490118,
49,1,19,721,216.385,2,,,490119,
49,1,20,122,232.743,2,,,490120,
49,1,21,123,233.023,2,,,490121,
49,1,22,124,204.832,2,,,490122,
49,1,23,125,204.782,2,,,490123,
49,1,24,726,204.73,2,,,490124,
50,1,1,701,228.837,2,,,500101,
50,1,2,102,229.864,2,,,500102,
50,1,3,103,236.098,2,,,500103,
50,1,4,104,246.323,2,0.214,246.172,500104,
50,1,4,105,246.021,2,,,500104,
50,1,5,106,249.292,2,,,500105,
50,1,6,107,248.463,2,,,500106,
50,1,7,108,241.782,2,,,500107,
50,1,8,109,224.784,2,,,500108,
50,1,9,110,197.821,2,,,500109,
50,1,10,111,184.59,2,,,500110,
50,1,11,112,189.169,2,,,500111,
50,1,12,713,196.414,2,,,500112,
50,1,13,714,207.745,2,,,500113,
50,1,14,115,195.874,2,,,500114,
50,1,15,116,203.893,2,0.057,203.934,500115,
50,1,15,717,203.974,2,,,500115,
50,1,16,118,209.78,2,,,500116,
50,1,17,119,210.531,2,,,500117,
50,1,18,120,208.998,2,,,500118,
50,1,19,721,215.882,2,,,500119,
50,1,20,122,225.196,2,,,500120,
50,1,21,123,232.297,2,,,500121,
50,1,22,124,205.621,2,,,500122,
50,1,23,125,205.082,2,,,500123,
50,1,24,726,205.506,2,,,500124,
51,1,1,701,229.075,2,,,510101,
51,1,2,102,231.822,2,,,510102,
51,1,3,103,236.191,2,,,510103,
51,1,4,104,244.952,3,,,510104,couple teeny bubbles 
51,1,5,105,250.292,2,,,510105,
51,1,6,106,249.592,2,,,510106,
51,1,7,107,247.626,2,,,510107,
51,1,8,108,233.946,2,,,510108,
51,1,9,109,206.087,2,,,510109,
51,1,10,110,186.755,2,,,510110,
51,1,11,111,185.298,2,,,510111,
51,1,12,112,190.201,2,,,510112,
51,1,13,713,201.362,2,0.491,201.015,510113,
51,1,13,714,200.668,2,,,510113,
51,1,14,115,205.326,2,,,510114,
51,1,15,116,195.186,2,,,510115,
51,1,16,717,207.7,2,,,510116,
51,1,17,118,207.775,2,,,510117,
51,1,18,119,207.773,2,,,510118,
51,1,19,120,214.154,2,,,510119,
51,1,20,721,220.286,2,,,510120,
51,1,21,122,230.515,2,0.12,230.6,510121,
51,1,21,123,230.684,2,,,510121,
51,1,22,124,208.766,2,,,510122,
51,1,23,125,205.397,2,,,510123,
51,1,24,726,205.239,2,,,510124,
52,1,1,701,228.65,2,,,520101,
52,1,2,102,232.121,2,,,520102,
52,1,3,103,241.426,2,,,520103,
52,1,4,104,250.909,2,,,520104,
52,1,5,105,250.993,2,,,520105,
52,1,6,106,248.478,2,,,520106,
52,1,7,107,241.81,2,0.144,241.708,520107,
52,1,7,108,241.606,2,,,520107,
52,1,8,109,220.219,2,,,520108,
52,1,9,110,194.817,2,,,520109,
52,1,10,111,183.619,2,,,520110,
52,1,11,112,185.856,2,,,520111,
52,1,12,713,201.189,2,,,520112,
52,1,13,714,205.692,2,,,520113,
52,1,14,115,202.653,2,,,520114,
52,1,15,116,200.964,2,,,520115,
52,1,16,717,205.78,2,,,520116,
52,1,17,118,208.322,2,0.051,208.286,520117,
52,1,17,119,208.25,2,,,520117,
52,1,18,120,211.907,2,,,520118,
52,1,19,721,220.119,2,,,520119,
52,1,20,122,229.368,2,,,520120,
52,1,21,123,232.503,2,,,520121,
52,1,22,124,204.177,2,,,520122,
52,1,23,125,204.02,2,,,520123,
52,1,24,726,203.875,2,,,520124,
53,2,1,701,228.429,2,,,530201,
53,2,2,102,230.091,2,,,530202,
53,2,3,103,237.076,2,,,530203,
53,2,4,104,248.687,2,,,530204,
53,2,5,105,251.692,2,,,530205,
53,2,6,106,249.967,2,0.494,250.316,530206,
53,2,6,107,250.665,2,,,530206,
53,2,7,108,259.702,4,,,530207,bubble in flask 
53,2,8,109,232.329,2,,,530208,
53,2,9,110,203.037,2,,,530209,
53,2,10,111,185.619,2,,,530210,
53,2,11,112,183.011,2,,,530211,
53,2,12,713,195.675,2,,,530212,
53,2,13,714,202.83,2,,,530213,
53,2,14,115,201.81,2,,,530214,
53,2,15,116,198.21,2,,,530215,
53,2,16,717,203.876,2,0.088,203.938,530216,
53,2,16,118,204,2,,,530216,
53,2,17,119,211.047,2,,,530217,
53,2,18,120,210.603,2,,,530218,
53,2,19,721,220.252,2,,,530219,
53,2,20,122,229.897,2,,,530220,
53,2,21,123,234.319,2,,,530221,
53,2,22,124,205.568,2,,,530222,
53,2,23,125,203.691,2,,,530223,
53,2,24,726,203.553,2,,,530224,
54,1,1,701,227.817,2,,,540101,
54,1,2,102,229.438,2,,,540102,
54,1,3,103,235.54,2,,,540103,
54,1,4,104,244.42,2,,,540104,n>30; EP estimated via linear regression
54,1,5,105,251.178,2,,,540105,
54,1,6,106,250.424,2,,,540106,
54,1,7,107,249.297,2,,,540107,
54,1,8,108,239.584,2,,,540108,
54,1,9,109,216.357,2,0.525,216.729,540109,
54,1,9,110,217.1,2,,,540109,
54,1,10,111,190.928,2,,,540110,
54,1,11,112,182.718,2,,,540111,
54,1,12,713,186.598,2,,,540112,
54,1,13,714,197.504,2,,,540113,
54,1,14,115,203.47,2,,,540114,
54,1,15,116,190.448,2,,,540115,
54,1,16,717,196.798,2,,,540116,
54,1,17,118,206.696,2,,,540117,
54,1,18,119,208.593,2,,,540118,
54,1,19,120,209.914,2,0.393,209.636,540119,
54,1,19,721,209.358,2,,,540119,
54,1,20,122,223.671,2,,,540120,
54,1,21,123,232.735,2,,,540121,
54,1,22,124,225.607,2,,,540122,
54,1,23,125,203.264,2,,,540123,
54,1,24,726,203.374,2,,,540124,
55,1,1,701,222.884,3,,,550101,teeny bubble in flask
55,1,2,102,225.363,2,,,550102,
55,1,3,103,227.731,2,,,550103,
55,1,4,104,233.116,2,,,550104,
55,1,5,105,243.186,2,0.061,243.143,550105,
55,1,5,106,243.1,2,,,550105,
55,1,6,107,252.757,2,,,550106,
55,1,7,108,250.573,2,,,550107,
55,1,8,109,247.238,2,,,550108,
55,1,9,110,227.89,2,,,550109,
55,1,10,111,199.553,2,,,550110,
55,1,11,112,184.693,2,,,550111,
55,1,12,713,183.64,2,,,550112,
55,1,13,714,194.476,2,,,550113,
55,1,14,115,203.608,2,,,550114,
55,1,15,116,198.417,2,0.163,198.302,550115,
55,1,15,717,198.186,2,,,550115,
55,1,16,118,196.696,2,,,550116,
55,1,17,119,202.141,2,,,550117,
55,1,18,120,213.792,2,,,550118,
55,1,19,721,209.671,2,,,550119,
55,1,20,122,219.274,2,,,550120,
55,1,21,123,231.528,2,,,550121,
55,1,22,124,208.449,2,,,550122,
55,1,23,125,202.689,2,,,550123,
55,1,24,726,202.73,2,,,550124,
56,1,1,701,224.263,2,,,560101,
56,1,2,102,227.011,2,,,560102,
56,1,3,103,231.259,2,,,560103,
56,1,4,104,239.707,2,,,560104,
56,1,5,105,250.321,2,,,560105,
56,1,6,106,251.281,2,,,560106,
56,1,7,107,250.426,2,,,560107,
56,1,8,108,239.571,2,,,560108,
56,1,9,109,212.681,2,,,560109,
56,1,10,110,190.272,2,,,560110,
56,1,11,111,182.991,2,0.123,183.078,560111,
56,1,11,112,183.165,2,,,560111,
56,1,12,713,187.304,2,,,560112,
56,1,13,714,198.11,2,,,560113,
56,1,14,115,199.518,2,,,560114,
56,1,15,116,195.716,2,,,560115,
56,1,16,717,200.083,2,,,560116,
56,1,17,118,209.483,2,,,560117,
56,1,18,119,209.908,2,,,560118,
56,1,19,120,217.168,2,,,560119,
56,1,20,721,225.916,2,,,560120,
56,1,21,122,231.878,2,0.211,231.729,560121,
56,1,21,123,231.58,2,,,560121,
56,1,22,124,212.368,2,,,560122,
56,1,23,125,202.948,2,,,560123,
56,1,24,726,203.027,2,,,560124,
57,1,1,701,221.842,2,0.055,221.803,570101,
57,1,1,102,221.764,2,,,570101,
57,1,2,103,224.222,2,,,570102,
57,1,3,104,227.757,2,,,570103,
57,1,4,105,234.537,3,,,570104,
57,1,5,106,244.367,2,,,570105,
57,1,6,107,252.015,2,,,570106,
57,1,7,108,250.612,2,,,570107,
57,1,8,109,249.235,2,,,570108,
57,1,9,110,229.476,2,,,570109,
57,1,10,111,202.145,2,,,570110,
57,1,11,112,187.187,2,,,570111,
57,1,12,713,181.978,2,,,570112,
57,1,13,714,189.749,2,0.013,189.758,570113,
57,1,13,115,189.767,2,,,570113,
57,1,14,116,197.555,2,,,570114,
57,1,15,717,193.585,2,,,570115,
57,1,16,118,203.33,2,,,570116,
57,1,17,119,204.837,2,,,570117,
57,1,18,120,207.488,2,,,570118,
57,1,19,721,207.015,2,,,570119,
57,1,20,122,217.51,2,,,570120,recalculated with correct salinity
57,1,21,123,227.554,2,,,570121,
57,1,22,124,233.86,2,,,570122,
57,1,23,125,202.088,2,,,570123,
57,1,24,726,201.477,2,,,570124,
58,1,1,701,223.428,2,,,580101,
58,1,2,102,226.383,2,0.247,226.208,580102,
58,1,2,103,226.033,2,,,580102,
58,1,3,104,231.536,2,,,580103,
58,1,4,105,239.509,2,,,580104,
58,1,5,106,250.789,2,,,580105,
58,1,6,107,251.632,2,,,580106,
58,1,7,108,250.247,2,,,580107,
58,1,8,109,243.748,2,,,580108,
58,1,9,110,213.301,2,,,580109,
58,1,10,111,190.656,2,,,580110,
58,1,11,112,183.407,2,,,580111,
58,1,12,713,183.901,2,0.193,183.765,580112,
58,1,12,714,183.628,2,,,580112,
58,1,13,115,193.486,2,,,580113,
58,1,14,116,199.981,2,,,580114,
58,1,15,717,199.857,2,,,580115,
58,1,16,118,204.892,2,,,580116,
58,1,17,119,210.991,2,,,580117,
58,1,18,120,209.884,2,,,580118,
58,1,19,721,217.814,2,,,580119,
58,1,20,122,228.995,2,,,580120,
58,1,21,123,233.033,2,,,580121,
58,1,22,124,227.039,2,,,580122,
58,1,23,125,202.655,2,,,580123,
58,1,24,726,202.598,2,,,580124,
59,1,1,701,224.742,2,,,590101,
59,1,2,102,226.836,2,,,590102,
59,1,3,103,231.275,2,,,590103,
59,1,4,104,241.612,2,,,590104,
59,1,5,105,251.457,2,,,590105,
59,1,6,106,250.743,2,,,590106,
59,1,7,107,250.526,2,,,590107,
59,1,8,108,248.638,2,0.272,248.83,590108,
59,1,8,109,249.022,2,,,590108,
59,1,9,110,225.983,2,,,590109,
59,1,10,111,197.171,2,,,590110,
59,1,11,112,184.641,2,,,590111,
59,1,12,713,181.899,2,,,590112,
59,1,13,714,183.707,2,,,590113,
59,1,14,115,191.467,2,,,590114,
59,1,15,116,197.213,2,,,590115,
59,1,16,717,203.7,2,,,590116,recalculated with correct salinity
59,1,17,118,211.456,2,,,590117,
59,1,18,119,212.584,2,0.162,212.699,590118,
59,1,18,120,212.813,2,,,590118,
59,1,19,721,213.122,2,,,590119,
59,1,20,122,221.575,2,,,590120,
59,1,21,123,228.551,2,,,590121,
59,1,22,124,233.556,2,,,590122,
59,1,23,125,204.716,2,,,590123,
59,1,24,726,201.398,2,,,590124,
60,2,1,701,221.744,2,,,600201,
60,2,2,102,223.206,2,,,600202,
60,2,3,103,226.89,2,,,600203,
60,2,4,104,234.929,2,0.108,234.853,600204,
60,2,4,105,234.776,2,,,600204,
60,2,5,106,245.967,2,,,600205,
60,2,6,107,252.554,2,,,600206,
60,2,7,108,251.224,3,,,600207,tiny bubbles on base of stopper
60,2,8,109,250.518,2,,,600208,
60,2,9,110,238.068,2,,,600209,
60,2,10,111,204.617,2,,,600210,
60,2,11,112,187.158,2,,,600211,
60,2,12,713,183.154,2,,,600212,
60,2,13,714,180.199,2,,,600213,
60,2,14,115,188.696,2,0.123,188.609,600214,
60,2,14,116,188.522,2,,,600214,
60,2,15,717,183.185,2,,,600215,
60,2,16,118,191.513,2,,,600216,
60,2,17,119,196.165,2,,,600217,
60,2,18,120,210.261,2,,,600218,little tiny spec of something in flask
60,2,19,721,212.179,2,,,600219,
60,2,20,122,222.738,3,,,600220,tiny bubbles on rim of flask
60,2,21,123,232.526,2,,,600221,
60,2,22,124,216.064,2,,,600222,
60,2,23,125,201.362,2,,,600223,
60,2,24,726,201.167,2,,,600224,
61,1,1,701,222.949,2,,,610101,
61,1,2,102,228.22,2,,,610102,
61,1,3,103,235.207,2,0.086,235.146,610103,
61,1,3,104,235.085,2,,,610103,
61,1,4,105,247.48,2,,,610104,
61,1,5,106,252.676,2,,,610105,really bubbly during sampling 
61,1,6,107,250.564,2,,,610106,
61,1,7,108,250.587,2,,,610107,
61,1,8,109,249.317,2,,,610108,
61,1,9,110,218.99,2,,,610109,
61,1,10,111,190.914,2,,,610110,
61,1,11,112,183.121,2,,,610111,
61,1,12,713,180.616,2,,,610112,
61,1,13,714,186.132,2,,,610113,
61,1,14,115,185.718,2,,,610114,
61,1,15,116,177.987,2,0.317,178.211,610115,
61,1,15,717,178.435,2,,,610115,
61,1,16,118,193.687,2,,,610116,
61,1,17,119,203.583,2,,,610117,
61,1,18,120,206.03,2,,,610118,
61,1,19,721,217.089,2,,,610119,
61,1,20,122,224.604,2,,,610120,
61,1,21,123,228.028,2,,,610121,
61,1,22,124,218.009,2,,,610122,
61,1,23,125,200.635,2,,,610123,
61,1,24,726,200.331,2,,,610124,
62,1,1,701,223.249,2,,,620101,
62,1,2,102,225.357,2,,,620102,
62,1,3,103,232.399,2,,,620103,
62,1,4,104,244.496,2,,,620104,
62,1,5,105,251.406,2,,,620105,
62,1,6,106,250.108,2,,,620106,
62,1,7,107,250.413,2,,,620107,
62,1,8,108,248.978,2,,,620108,
62,1,9,109,236.715,2,,,620109,
62,1,10,110,201.106,2,0.204,200.962,620110,
62,1,10,111,200.817,2,,,620110,
62,1,11,112,184.615,2,,,620111,
62,1,12,713,181.643,2,,,620112,
62,1,13,714,180.131,2,,,620113,
62,1,14,115,187.416,2,,,620114,
62,1,15,116,174.669,2,,,620115,
62,1,16,717,192.442,2,,,620116,
62,1,17,118,203.057,2,,,620117,
62,1,18,119,207.003,2,,,620118,
62,1,19,120,214.184,2,,,620119,
62,1,20,721,223.875,2,0.228,224.036,620120,
62,1,20,122,224.197,2,,,620120,
62,1,21,123,232.089,3,,,620121,"stopper floated up, no bubble "
62,1,22,124,228.814,2,,,620122,
62,1,23,125,201.308,2,,,620123,
62,1,24,726,201.672,2,,,620124,
63,1,1,701,224.428,3,,,630101,bubble possibly dispensed in w/ reagents; tiny bubbles on stopper
63,1,2,102,226.962,2,,,630102,
63,1,3,103,233.428,2,,,630103,
63,1,4,104,246.417,2,,,630104,
63,1,5,105,252.115,2,,,630105,
63,1,6,106,250.047,2,0.391,250.324,630106,
63,1,6,107,250.6,2,,,630106,
63,1,7,108,250.344,2,,,630107,
63,1,8,109,242.388,2,,,630108,
63,1,9,110,216.074,2,,,630109,
63,1,10,111,190.103,2,,,630110,
63,1,11,112,183.495,2,,,630111,
63,1,12,713,178.618,2,,,630112,
63,1,13,714,181.908,2,,,630113,
63,1,14,115,170.717,2,,,630114,
63,1,15,116,185.071,3,,,630115,bubble movement in tubing
63,1,16,717,200.647,2,0.22,200.803,630116,
63,1,16,118,200.958,2,,,630116,
63,1,17,119,207.095,2,,,630117,
63,1,18,120,206.396,2,,,630118,
63,1,19,721,216.637,2,,,630119,
63,1,20,122,230.841,2,,,630120,
63,1,21,123,228.727,2,,,630121,
63,1,22,124,201.77,2,,,630122,
63,1,23,125,200.764,2,,,630123,
63,1,24,726,200.709,2,,,630124,
64,1,1,701,223.12,3,,,640101,tiny bubble on bottom of stopper
64,1,2,102,225.622,2,,,640102,
64,1,3,103,230.763,2,,,640103,
64,1,4,104,241.195,2,,,640104,
64,1,5,105,250.957,2,,,640105,
64,1,6,106,251.01,2,,,640106,
64,1,7,107,250.785,2,,,640107,
64,1,8,108,247.9,2,,,640108,
64,1,9,109,226.555,2,0.139,226.653,640109,
64,1,9,110,226.751,2,,,640109,
64,1,10,111,201.874,4,,,640110,bad niskin
64,1,11,112,191.995,4,,,640111,bubble In flask
64,1,12,713,179.424,2,,,640112,
64,1,13,714,180.871,2,,,640113,
64,1,14,115,174.176,2,,,640114,
64,1,15,116,180.812,2,,,640115,
64,1,16,717,191.792,2,,,640116,
64,1,17,118,203.73,2,,,640117,
64,1,18,119,206.784,2,,,640118,
64,1,19,120,211.69,2,,,640119,
64,1,20,721,224.176,2,,,640120,
64,1,21,122,232.566,2,,,640121,
64,1,22,123,203.741,2,,,640122,
64,1,23,124,201.592,2,0.267,201.404,640123,
64,1,23,125,201.215,2,,,640123,
64,1,24,726,201.207,2,,,640124,
65,1,1,701,221.606,2,,,650101,
65,1,2,102,222.099,2,,,650102,
65,1,3,103,224.18,2,,,650103,
65,1,4,104,228.371,2,,,650104,
65,1,5,105,236.866,2,,,650105,
65,1,6,106,248.719,2,,,650106,
65,1,7,107,251.437,2,,,650107,
65,1,8,108,291.369,2,,,650108,
65,1,9,109,249.624,2,,,650109,
65,1,10,110,236.425,2,,,650110,
65,1,11,111,206.411,2,0.221,206.567,650111,
65,1,11,112,206.723,2,,,650111,
65,1,12,713,187.595,3,,,650112,teeny bubble in flask
65,1,13,714,182.915,2,,,650113,
65,1,14,115,177.667,2,,,650114,
65,1,15,116,174.956,2,,,650115,
65,1,16,717,172.68,2,,,650116,
65,1,17,118,188.913,2,,,650117,
65,1,18,119,204.432,2,,,650118,
65,1,19,120,208.055,2,,,650119,
65,1,20,721,209.455,2,,,650120,
65,1,21,122,223.633,2,0.377,223.367,650121,
65,1,21,123,223.1,2,,,650121,
65,1,22,124,231.759,2,,,650122,
65,1,23,125,200.87,2,,,650123,
65,1,24,726,200.716,2,,,650124,
66,1,1,701,222.977,2,,,660101,
66,1,2,102,223.683,2,,,660102,
66,1,3,103,226.938,2,,,660103,
66,1,4,104,234.202,2,,,660104,
66,1,5,105,246.03,2,,,660105,
66,1,6,106,251.068,2,,,660106,
66,1,7,107,250.091,2,0.354,249.841,660107,
66,1,7,108,249.59,2,,,660107,
66,1,8,109,249.945,2,,,660108,
66,1,9,110,245.014,2,,,660109,
66,1,10,111,218.298,2,,,660110,
66,1,11,112,191.856,2,,,660111,
66,1,12,713,183.586,2,,,660112,
66,1,13,714,180.784,2,,,660113,
66,1,14,115,173.169,2,,,660114,
66,1,15,116,165.59,2,,,660115,
66,1,16,717,176.844,2,,,660116,
66,1,17,118,194.614,2,0.11,194.536,660117,
66,1,17,119,194.458,2,,,660117,
66,1,18,120,206.915,2,,,660118,
66,1,19,721,206.996,2,,,660119,
66,1,20,122,220.695,2,,,660120,
66,1,21,123,228.408,2,,,660121,
66,1,22,124,206.926,2,,,660122,
66,1,23,125,200.765,2,,,660123,
66,1,24,726,200.594,2,,,660124,
67,2,1,701,220.877,2,,,670201,
67,2,2,102,221.26,2,,,670202,
67,2,3,103,225.789,2,,,670203,
67,2,4,104,232.404,2,,,670204,
67,2,5,105,243.592,2,,,670205,
67,2,6,106,250.6,2,,,670206,
67,2,7,107,248.443,2,,,670207,
67,2,8,108,248.719,2,,,670208,
67,2,9,109,248.032,2,,,670209,
67,2,10,110,225.449,2,,,670210,
67,2,11,111,195.658,2,,,670211,
67,2,12,112,181.849,2,0.24,181.679,670212,
67,2,12,713,181.509,2,,,670212,
67,2,13,714,177.574,2,,,670213,
67,2,14,115,172.434,2,,,670214,
67,2,15,116,158.638,2,,,670215,
67,2,16,717,173.305,2,,,670216,
67,2,17,118,179.547,2,,,670217,
67,2,18,119,192.283,2,,,670218,
67,2,19,120,202.703,2,,,670219,
67,2,20,721,215.367,2,,,670220,
67,2,21,122,225.558,2,,,670221,noisy EP
67,2,22,123,225.272,2,0.425,225.573,670222,
67,2,22,124,225.873,2,,,670222,
67,2,23,125,201.017,2,,,670223,
67,2,24,726,200.755,2,,,670224,
68,1,1,701,221.903,2,0.194,221.766,680101,
68,1,1,102,221.629,2,,,680101,
68,1,2,103,223.981,2,,,680102,
68,1,3,104,228.763,2,,,680103,
68,1,4,105,236.542,2,,,680104,
68,1,5,106,249.921,2,,,680105,
68,1,6,107,250.276,2,,,680106,
68,1,7,108,248.87,2,,,680107,
68,1,8,109,244.882,2,,,680108,
68,1,9,110,232.606,2,,,680109,
68,1,10,111,201.985,2,,,680110,
68,1,11,112,183.958,2,,,680111,
68,1,12,713,178.516,2,,,680112,
68,1,13,714,174.688,2,,,680113,
68,1,14,115,161.166,2,0.151,161.06,680114,
68,1,14,116,160.953,2,,,680114,
68,1,15,717,150.871,2,,,680115,
68,1,16,118,170.186,2,,,680116,
68,1,17,119,183.093,2,,,680117,
68,1,18,120,193.288,2,,,680118,
68,1,19,721,203.536,2,,,680119,
68,1,20,122,213.975,2,,,680120,
68,1,21,123,225.442,2,,,680121,
68,1,22,124,210.486,2,,,680122,
68,1,23,125,200.741,2,,,680123,
68,1,24,726,200.438,2,,,680124,
69,1,1,701,222.347,2,,,690101,
69,1,2,102,223.788,2,,,690102,
69,1,3,103,228.965,2,,,690103,
69,1,4,104,237.896,2,,,690104,
69,1,5,105,247.685,2,,,690105,
69,1,6,106,244.584,2,,,690106,
69,1,7,107,241.439,2,0.209,241.292,690107,
69,1,7,108,241.144,2,,,690107,
69,1,8,109,242.06,2,,,690108,
69,1,9,110,228.25,2,,,690109,
69,1,10,111,203.582,2,,,690110,
69,1,11,112,188.023,2,,,690111,
69,1,12,713,179.552,2,,,690112,
69,1,13,714,174.318,2,,,690113,
69,1,14,115,170.125,2,,,690114,
69,1,15,116,156.956,2,,,690115,
69,1,16,717,160.316,2,,,690116,
69,1,17,118,176.628,2,0.352,176.379,690117,
69,1,17,119,176.13,2,,,690117,
69,1,18,120,195.241,2,,,690118,
69,1,19,721,202.705,2,,,690119,
69,1,20,122,220.338,2,,,690120,
69,1,21,123,228.263,2,,,690121,
69,1,22,124,200.969,2,,,690122,
69,1,23,125,200.543,2,,,690123,
69,1,24,726,200.975,2,,,690124,
70,1,1,701,223.649,2,,,700101,
70,1,2,102,227.104,2,,,700102,
70,1,3,103,234.891,2,,,700103,
70,1,4,104,247.101,2,,,700104,
70,1,5,105,246.768,2,,,700105,
70,1,6,106,242.368,2,,,700106,
70,1,7,107,241.987,2,,,700107,
70,1,8,108,235.825,2,,,700108,
70,1,9,109,216.368,2,,,700109,
70,1,10,110,189.884,2,,,700110,
70,1,11,111,180.205,2,,,700111,
70,1,12,112,180.213,3,,,700112,"stopper floated up, no bubble"
70,1,13,713,172.216,2,,,700113,
70,1,14,714,153.156,2,0.132,153.063,700114,
70,1,14,115,152.969,2,,,700114,
70,1,15,116,167.822,2,,,700115,
70,1,16,717,160.208,2,,,700116,
70,1,17,118,184.054,2,,,700117,
70,1,18,119,197.568,2,,,700118,
70,1,19,120,211.863,2,,,700119,
70,1,20,721,222.25,2,,,700120,
70,1,21,122,223.213,2,,,700121,
70,1,22,123,200.037,2,,,700122,
70,1,23,124,200.275,2,,,700123,
70,1,24,125,200.182,2,0.087,200.121,700124,
70,1,24,726,200.059,2,,,700124,
71,1,1,701,223.456,2,,,710101,
71,1,2,102,225.542,2,,,710102,little black spec of something in flask
71,1,3,103,230.435,2,0.173,230.558,710103,noisy EP
71,1,3,104,230.68,2,,,710103,
71,1,4,105,240.07,2,,,710104,
71,1,5,106,245.137,2,,,710105,
71,1,6,107,241.331,2,,,710106,
71,1,7,108,240.233,2,,,710107,
71,1,8,109,239.563,2,,,710108,
71,1,9,110,231.919,2,,,710109,
71,1,10,111,207.778,2,,,710110,
71,1,11,112,184.956,2,,,710111,
71,1,12,713,180.25,2,,,710112,
71,1,13,714,177.22,2,0.125,177.132,710113,
71,1,13,115,177.043,2,,,710113,
71,1,14,116,170.761,2,,,710114,
71,1,15,717,155.043,2,,,710115,
71,1,16,118,152.074,2,,,710116,
71,1,17,119,168.635,2,,,710117,
71,1,18,120,189.205,2,,,710118,
71,1,19,721,206.381,2,,,710119,
71,1,20,122,219.788,2,,,710120,
71,1,21,123,225.247,2,,,710121,
71,1,22,124,200.665,2,,,710122,
71,1,23,125,199.057,2,,,710123,
71,1,24,726,198.429,2,,,710124,
72,1,1,701,223.848,2,,,720101,
72,1,2,102,227.318,2,,,720102,
72,1,3,103,233.613,2,,,720103,
72,1,4,104,244.818,2,,,720104,
72,1,5,105,243.026,2,0.013,243.035,720105,
72,1,5,106,243.044,2,,,720105,
72,1,6,107,240.854,2,,,720106,
72,1,7,108,239.764,2,,,720107,
72,1,8,109,234.915,2,,,720108,
72,1,9,110,217.335,2,,,720109,
72,1,10,111,188.469,2,,,720110,
72,1,11,112,181.498,2,,,720111,
72,1,12,713,184.279,2,,,720112,
72,1,13,714,184.508,2,,,720113,
72,1,14,115,163.651,2,,,720114,
72,1,15,116,155.188,2,,,720115,
72,1,16,717,163.606,2,,,720116,
72,1,17,118,177.294,2,0.384,177.023,720117,
72,1,17,119,176.751,2,,,720117,
72,1,18,120,195.472,2,,,720118,
72,1,19,721,214.283,2,,,720119,
72,1,20,122,221.076,2,,,720120,
72,1,21,123,223.323,2,,,720121,
72,1,22,124,200.703,2,,,720122,
72,1,23,125,199.896,2,,,720123,
72,1,24,726,199.448,2,,,720124,
73,1,1,701,221.649,2,,,730101,
73,1,2,102,222.962,2,,,730102,
73,1,3,103,225.869,2,,,730103,
73,1,4,104,231.805,2,,,730104,
73,1,5,105,242.296,2,,,730105,
73,1,6,106,243.598,2,0.409,243.888,730106,
73,1,6,107,244.177,2,,,730106,
73,1,7,108,241.211,2,,,730107,
73,1,8,109,240.064,2,,,730108,
73,1,9,110,234.799,2,,,730109,
73,1,10,111,218.418,2,,,730110,
73,1,11,112,194.083,2,,,730111,
73,1,12,713,178.553,2,,,730112,
73,1,13,714,175.321,2,,,730113,
73,1,14,115,177.816,2,,,730114,
73,1,15,116,175.936,2,,,730115,
73,1,16,717,158.825,2,,,730116,
73,1,17,118,155.951,2,,,730117,
73,1,18,119,150.591,2,0.373,150.328,730118,
73,1,18,120,150.064,2,,,730118,
73,1,19,721,183.281,2,,,730119,
73,1,20,122,208.178,2,,,730120,
73,1,21,123,222.036,2,,,730121,
73,1,22,124,201.602,2,,,730122,
73,1,23,125,199.575,2,,,730123,
73,1,24,726,199.069,2,,,730124,
74,1,1,701,223.454,2,,,740101,
74,1,2,102,228.384,3,,,740102,teeny bubble in flask
74,1,3,103,236.379,2,,,740103,
74,1,4,104,243.508,2,,,740104,
74,1,5,105,242.717,2,,,740105,
74,1,6,106,240.505,2,,,740106,
74,1,7,107,-999,5,,,740107,sample removed before titration was finished
74,1,8,108,217.971,3,,,740108,sample potentially contaminated before run
74,1,9,109,230.658,2,,,740109,
74,1,10,110,207.023,2,0.379,206.755,740110,
74,1,10,111,206.487,2,,,740110,
74,1,11,112,181.233,3,,,740111,little black speck
74,1,12,713,175.931,2,,,740112,
74,1,13,714,174.081,2,,,740113,
74,1,14,115,175.102,2,,,740114,
74,1,15,116,168.148,2,,,740115,
74,1,16,717,145.876,2,,,740116,
74,1,17,118,165.395,2,,,740117,
74,1,18,119,178.569,2,,,740118,
74,1,19,120,193.47,2,,,740119,"computer froze, o2 value calculated from EP on box"
74,1,20,721,212.187,2,0.071,212.238,740120,
74,1,20,122,212.288,2,,,740120,
74,1,21,123,220.378,2,,,740121,
74,1,22,124,205.756,2,,,740122,
74,1,23,125,199.626,2,,,740123,
74,1,24,726,198.256,2,,,740124,
75,2,1,701,223.16,3,,,750201,tiny bubbles on base of stopper
75,2,2,102,225.535,2,,,750202,
75,2,3,103,232.44,2,,,750203,
75,2,4,104,242.771,2,,,750204,
75,2,5,105,243.801,2,,,750205,
75,2,6,106,241.048,2,,,750206,
75,2,7,107,240.464,2,,,750207,
75,2,8,108,239.368,2,0.13,239.46,750208,
75,2,8,109,239.552,2,,,750208,
75,2,9,110,218.418,2,,,750209,
75,2,10,111,188.044,2,,,750210,
75,2,11,112,176.575,2,,,750211,
75,2,12,713,175.765,2,,,750212,
75,2,13,714,172.922,2,,,750213,
75,2,14,115,163.943,2,,,750214,
75,2,15,116,140.119,2,,,750215,
75,2,16,717,158.258,2,,,750216,
75,2,17,118,169.752,2,,,750217,
75,2,18,119,189.951,2,0.233,189.786,750218,
75,2,18,120,189.621,2,,,750218,
75,2,19,721,211.147,2,,,750219,
75,2,20,122,222.291,2,,,750220,
75,2,21,123,210.873,2,,,750221,
75,2,22,124,199.573,2,,,750222,
75,2,23,125,199.3,2,,,750223,
75,2,24,726,199.032,2,,,750224,
76,1,1,701,222.552,2,,,760101,
76,1,2,102,224.493,2,,,760102,
76,1,3,103,229.105,2,,,760103,
76,1,4,104,240.014,2,,,760104,
76,1,5,105,245.008,2,,,760105,
76,1,6,106,241.309,3,,,760106,stopper floated up but no bubble
76,1,7,107,240.96,2,,,760107,
76,1,8,108,240.787,2,,,760108,
76,1,9,109,227.577,2,0.258,227.76,760109,
76,1,9,110,227.942,2,,,760109,
76,1,10,111,194.676,2,,,760110,
76,1,11,112,179.506,2,,,760111,
76,1,12,713,174.82,3,,,760112,few small bubbles in flask
76,1,13,714,171.4,2,,,760113,recalculated with correct bottle
76,1,14,115,155.088,2,,,760114,
76,1,15,116,137.693,2,,,760115,
76,1,16,717,125,2,,,760116,
76,1,17,118,165.23,2,,,760117,
76,1,18,119,176.62,2,,,760118,
76,1,19,120,199.007,2,,,760119,
76,1,20,721,218.302,2,,,760120,
76,1,21,122,223.23,2,0.387,222.956,760121,
76,1,21,123,222.682,2,,,760121,
76,1,22,124,200.322,2,,,760122,
76,1,23,125,199.488,2,,,760123,
76,1,24,726,199.309,2,,,760124,
77,1,1,701,222.081,2,,,770101,
77,1,2,102,222.57,2,0.054,222.609,770102,
77,1,2,103,222.647,2,,,770102,
77,1,3,104,223.939,2,,,770103,
77,1,4,105,226.857,2,,,770104,
77,1,5,106,236.313,2,,,770105,
77,1,6,107,249.07,2,,,770106,
77,1,7,108,244.586,2,,,770107,
77,1,8,109,242.563,3,,,770108,little black flake in sample
77,1,9,110,240.13,2,,,770109,
77,1,10,111,231.795,2,,,770110,
77,1,11,112,202.816,2,,,770111,
77,1,12,713,179.756,2,0.072,179.705,770112,
77,1,12,714,179.654,2,,,770112,
77,1,13,115,173.793,2,,,770113,
77,1,14,116,173.111,2,,,770114,
77,1,15,717,167.331,2,,,770115,
77,1,16,118,149.543,2,,,770116,
77,1,17,119,115.953,2,,,770117,
77,1,18,120,123.737,2,,,770118,
77,1,19,721,160.445,2,,,770119,
77,1,20,122,185.713,2,,,770120,
77,1,21,123,212.876,2,,,770121,
77,1,22,124,223.031,2,,,770122,
77,1,23,125,213.591,2,,,770123,
77,1,24,726,197.361,2,,,770124,
78,1,1,701,223.394,2,,,780101,
78,1,2,102,226.615,2,,,780102,
78,1,3,103,232.448,2,,,780103,
78,1,4,104,247.028,2,0.186,246.897,780104,
78,1,4,105,246.765,2,,,780104,
78,1,5,106,244.398,2,,,780105,
78,1,6,107,242.179,2,,,780106,
78,1,7,108,244.196,2,,,780107,
78,1,8,109,244.573,2,,,780108,
78,1,9,110,217.039,2,,,780109,
78,1,10,111,184.028,2,,,780110,
78,1,11,112,173.55,2,,,780111,
78,1,12,713,167.846,2,,,780112,
78,1,13,714,162.17,2,,,780113,
78,1,14,115,155.236,2,,,780114,
78,1,15,116,123.863,2,,,780115,
78,1,16,717,111.939,2,0.024,111.956,780116,
78,1,16,118,111.973,2,,,780116,
78,1,17,119,122.201,2,,,780117,
78,1,18,120,147.226,2,,,780118,
78,1,19,721,203.661,2,,,780119,
78,1,20,122,219.812,2,,,780120,
78,1,21,123,204.332,2,,,780121,
78,1,22,124,197.754,2,,,780122,
78,1,23,125,197.263,2,,,780123,
78,1,24,726,196.923,2,,,780124,
79,1,1,701,222.983,2,,,790101,
79,1,2,102,223.29,2,,,790102,
79,1,3,103,224.917,2,,,790103,
79,1,4,104,229.42,2,,,790104,
79,1,5,105,241.062,2,,,790105,
79,1,6,106,247.112,2,,,790106,
79,1,7,107,242.517,2,0.209,242.37,790107,
79,1,7,108,242.222,2,,,790107,
79,1,8,109,242.403,2,,,790108,
79,1,9,110,241.689,2,,,790109,
79,1,10,111,220.341,2,,,790110,
79,1,11,112,187.228,2,,,790111,
79,1,12,713,167.91,2,,,790112,
79,1,13,714,168.324,2,,,790113,
79,1,14,115,164.735,2,0.064,164.69,790114,
79,1,14,116,164.644,2,,,790114,
79,1,15,717,150.815,2,,,790115,
79,1,16,118,146.756,2,,,790116,
79,1,17,119,138.14,2,,,790117,
79,1,18,120,115.899,2,,,790118,
79,1,19,721,141.968,2,,,790119,
79,1,20,122,184.008,2,,,790120,
79,1,21,123,221.038,2,,,790121,
79,1,22,124,203.728,2,,,790122,
79,1,23,125,197.962,2,,,790123,
79,1,24,726,197.388,2,,,790124,
80,1,1,701,222.993,2,,,800101,
80,1,2,102,224.35,2,,,800102,
80,1,3,103,227.454,2,,,800103,
80,1,4,104,236.224,2,,,800104,
80,1,5,105,246.786,2,0.237,246.619,800105,
80,1,5,106,246.451,2,,,800105,
80,1,6,107,243.542,2,,,800106,
80,1,7,108,241.977,2,,,800107,
80,1,8,109,242.048,2,,,800108,
80,1,9,110,232.219,2,,,800109,
80,1,10,111,200.519,2,,,800110,
80,1,11,112,174.891,2,,,800111,
80,1,12,713,160.723,2,,,800112,
80,1,13,714,147.796,2,,,800113,
80,1,14,115,135.499,2,,,800114,
80,1,15,116,124.692,2,0.412,124.984,800115,
80,1,15,717,125.275,2,,,800115,
80,1,16,118,111.407,2,,,800116,
80,1,17,119,98.471,2,,,800117,
80,1,18,120,104.835,2,,,800118,
80,1,19,721,150.73,2,,,800119,
80,1,20,122,208.733,2,,,800120,
80,1,21,123,222.724,2,,,800121,
80,1,22,124,219.603,2,,,800122,
80,1,23,125,197.074,2,,,800123,
80,1,24,726,196.325,2,,,800124,
81,1,1,701,222.44,2,,,810101,"n>30, EP estimated via linear regression"
81,1,2,102,223.256,2,,,810102,
81,1,3,103,223.491,2,,,810103,
81,1,4,104,225.882,2,,,810104,
81,1,5,105,231.44,2,,,810105,"n>30, EP estimated via linear regression"
81,1,6,106,247.344,2,,,810106,
81,1,7,107,250.427,2,,,810107,
81,1,8,108,243.281,2,,,810108,
81,1,9,109,245.869,2,,,810109,
81,1,10,110,242.164,2,,,810110,
81,1,11,111,222.402,2,0.09,222.339,810111,
81,1,11,112,222.275,2,,,810111,
81,1,12,713,174.772,2,,,810112,
81,1,13,714,157.413,2,,,810113,
81,1,14,115,148.198,2,,,810114,
81,1,15,116,130.58,2,,,810115,
81,1,16,717,114.508,2,,,810116,
81,1,17,118,104.492,2,,,810117,
81,1,18,119,91.604,2,,,810118,
81,1,19,120,144.805,2,0.107,144.729,810119,
81,1,19,721,144.653,2,,,810119,
81,1,20,122,190.788,2,,,810120,
81,1,21,123,221.908,2,,,810121,
81,1,22,124,200.463,2,,,810122,
81,1,23,125,196.54,2,,,810123,
81,1,24,726,196.112,2,,,810124,
82,2,1,701,229.983,3,,,820201,tiny bubbles on base of stopper
82,2,2,102,242.156,2,0.013,242.147,820202,tiny bubbles on base of stopper
82,2,2,103,242.138,2,,,820202,
82,2,3,104,252.859,2,,,820203,
82,2,4,105,250.274,2,,,820204,
82,2,5,106,246.869,2,,,820205,
82,2,6,107,248.14,2,,,820206,
82,2,7,108,247.698,2,,,820207,
82,2,8,109,226.159,2,,,820208,
82,2,9,110,192.052,2,,,820209,
82,2,10,111,170.052,2,,,820210,
82,2,11,112,158.719,2,,,820211,
82,2,12,713,149.15,2,,,820212,
82,2,13,714,132.976,3,,,820213,possible bubble movement in tubing
82,2,14,115,121.148,2,,,820214,
82,2,15,116,107.875,2,,,820215,
82,2,16,717,97.949,2,0.001,97.95,820216,
82,2,16,118,97.95,2,,,820216,
82,2,17,119,103.418,2,,,820217,
82,2,18,120,164.06,2,,,820218,
82,2,19,721,198.554,2,,,820219,
82,2,20,122,213.804,2,,,820220,
82,2,21,123,218.618,2,,,820221,
82,2,22,124,205.695,2,,,820222,
82,2,23,125,197.483,2,,,820223,
82,2,24,726,196.952,2,,,820224,
83,1,1,701,222.21,2,,,830101,
83,1,2,102,224.139,2,,,830102,
83,1,3,103,227.454,2,,,830103,
83,1,4,104,240.265,2,,,830104,
83,1,5,105,251.973,2,,,830105,
83,1,6,106,247.515,2,,,830106,
83,1,7,107,248.285,2,,,830107,
83,1,8,108,249.91,2,0.027,249.891,830108,
83,1,8,109,249.872,2,,,830108,
83,1,9,110,241.973,2,,,830109,
83,1,10,111,206.874,2,,,830110,
83,1,11,112,177.221,2,,,830111,
83,1,12,713,162.158,2,,,830112,
83,1,13,714,152.935,2,,,830113,
83,1,14,115,145.015,2,,,830114,
83,1,15,116,131.931,2,,,830115,
83,1,16,717,125.989,2,,,830116,
83,1,17,118,94.302,2,,,830117,
83,1,18,119,130.834,2,,,830118,
83,1,19,120,160.659,2,,,830119,
83,1,20,721,208.899,2,,,830120,
83,1,21,122,221.417,2,,,830121,
83,1,22,123,205.919,2,0.275,206.114,830122,
83,1,22,124,206.308,2,,,830122,
83,1,23,125,196.887,2,,,830123,
83,1,24,726,196.476,2,,,830124,
84,1,1,701,222.044,2,,,840101,
84,1,2,102,223.695,2,,,840102,
84,1,3,103,225.043,2,0.118,225.127,840103,
84,1,3,104,225.21,2,,,840103,
84,1,4,105,232.526,2,,,840104,
84,1,5,106,249.06,2,,,840105,
84,1,6,107,253.634,2,,,840106,
84,1,7,108,248.107,2,,,840107,
84,1,8,109,248.955,2,,,840108,
84,1,9,110,247.666,2,,,840109,
84,1,10,111,217.115,2,,,840110,
84,1,11,112,181.949,2,,,840111,
84,1,12,713,165.283,2,,,840112,
84,1,13,714,157.818,2,0.202,157.961,840113,
84,1,13,115,158.103,2,,,840113,
84,1,14,116,152.597,2,,,840114,
84,1,15,717,113.428,2,,,840115,
84,1,16,118,106.838,2,,,840116,
84,1,17,119,107.7,2,,,840117,
84,1,18,120,92.984,3,,,840118,little black piece floating
84,1,19,721,141.208,2,,,840119,
84,1,20,122,185.04,2,,,840120,recalculated with correct salinity
84,1,21,123,221.185,2,,,840121,
84,1,22,124,199.448,2,,,840122,
84,1,23,125,196.086,2,,,840123,
84,1,24,726,195.706,2,,,840124,
85,1,1,701,222.503,3,,,850101,tiny bubbles in flask
85,1,2,102,224.044,2,,,850102,
85,1,3,103,229.279,2,,,850103,
85,1,4,104,245.207,2,,,850104,
85,1,5,105,254.879,2,,,850105,
85,1,6,106,250.404,2,,,850106,
85,1,7,107,249.837,2,,,850107,
85,1,8,108,249.729,2,,,850108,
85,1,9,109,231.364,2,,,850109,
85,1,10,110,189.117,2,,,850110,
85,1,11,111,166.362,2,,,850111,
85,1,12,112,155.803,2,,,850112,
85,1,13,713,150.991,2,,,850113,
85,1,14,714,128.469,2,0.087,128.408,850114,
85,1,14,115,128.346,2,,,850114,
85,1,15,116,105.812,2,,,850115,
85,1,16,717,101.405,2,,,850116,
85,1,17,118,94.545,2,,,850117,
85,1,18,119,114.718,2,,,850118,
85,1,19,120,167.845,2,,,850119,
85,1,20,721,214.137,2,,,850120,
85,1,21,122,221.814,3,,,850121,possible movement in tubing
85,1,22,123,201.646,2,,,850122,
85,1,23,124,195.319,2,0.214,195.47,850123,
85,1,23,125,195.621,2,,,850123,
85,1,24,726,195.037,2,,,850124,
86,1,1,701,222.496,3,0.371,222.234,860101,very noisy EP
86,1,1,102,221.971,2,,,860101,
86,1,2,103,222.923,2,,,860102,
86,1,3,104,225.608,2,,,860103,
86,1,4,105,232.46,2,,,860104,
86,1,5,106,249.882,2,,,860105,
86,1,6,107,253.558,2,,,860106,
86,1,7,108,247.38,2,,,860107,
86,1,8,109,247.941,2,,,860108,
86,1,9,110,243.964,2,,,860109,
86,1,10,111,233.461,2,,,860110,
86,1,11,112,203.151,2,,,860111,
86,1,12,713,166.433,2,0.086,166.372,860112,
86,1,12,714,166.311,2,,,860112,
86,1,13,115,151.332,2,,,860113,
86,1,14,116,129.9,2,,,860114,
86,1,15,717,107.62,2,,,860115,
86,1,16,118,96.648,2,,,860116,
86,1,17,119,86.501,2,,,860117,
86,1,18,120,90.968,2,,,860118,
86,1,19,721,134.346,2,,,860119,
86,1,20,122,205.305,2,,,860120,
86,1,21,123,221.984,2,,,860121,
86,1,22,124,214.47,2,,,860122,
86,1,23,125,195.411,2,,,860123,
86,1,24,726,195.002,2,,,860124,
87,1,1,701,221.965,2,,,870101,
87,1,2,102,222.907,2,,,870102,
87,1,3,103,225.697,2,,,870103,
87,1,4,104,234.733,2,,,870104,
87,1,5,105,251.586,2,0.019,251.573,870105,
87,1,5,106,251.559,2,,,870105,
87,1,6,107,253.351,2,,,870106,
87,1,7,108,244.501,2,,,870107,
87,1,8,109,246.722,2,,,870108,
87,1,9,110,243.785,2,,,870109,
87,1,10,111,220.489,2,,,870110,
87,1,11,112,180.204,2,,,870111,
87,1,12,713,163.215,2,,,870112,
87,1,13,714,156.287,2,,,870113,
87,1,14,115,141.745,2,,,870114,
87,1,15,116,120.998,2,,,870115,
87,1,16,717,106.11,2,,,870116,
87,1,17,118,106.296,2,0.073,106.348,870117,
87,1,17,119,106.399,2,,,870117,
87,1,18,120,103.688,2,,,870118,
87,1,19,721,109.919,2,,,870119,
87,1,20,122,197.838,2,,,870120,
87,1,21,123,217.694,2,,,870121,
87,1,22,124,196.065,2,,,870122,
87,1,23,125,195.391,2,,,870123,
87,1,24,726,195.448,2,,,870124,
88,1,1,701,221.615,2,,,880101,
88,1,2,102,221.858,2,,,880102,
88,1,3,103,224.434,2,,,880103,
88,1,4,104,229.993,2,,,880104,
88,1,5,105,244.902,2,,,880105,
88,1,6,106,254.631,2,,,880106,
88,1,7,107,246.97,2,,,880107,n>30; endpoint estimated via linear regression
88,1,8,108,5.625,4,,,880108,MnCl2 dispenser malfunction
88,1,9,109,244.848,2,0.331,245.082,880109,
88,1,9,110,245.316,2,,,880109,
88,1,10,111,231.81,2,,,880110,
88,1,11,112,186.462,2,,,880111,
88,1,12,713,164.578,2,,,880112,
88,1,13,714,152.005,2,,,880113,
88,1,14,115,144.061,2,,,880114,
88,1,15,116,124.151,2,,,880115,
88,1,16,717,98.259,2,,,880116,
88,1,17,118,87.255,2,,,880117,
88,1,18,119,89.331,2,,,880118,
88,1,19,120,93.19,2,0.078,93.246,880119,
88,1,19,721,93.301,2,,,880119,
88,1,20,122,129.753,2,,,880120,
88,1,21,123,219.9,2,,,880121,
88,1,22,124,197.235,2,,,880122,
88,1,23,125,195.628,2,,,880123,
88,1,24,726,195.355,2,,,880124,
89,2,1,701,220.312,2,,,890201,
89,2,2,102,221.052,2,,,890202,
89,2,3,103,222.358,2,,,890203,
89,2,4,104,225.913,2,,,890204,
89,2,5,105,239.218,2,,,890205,
89,2,6,106,249.523,2,,,890206,
89,2,7,107,246.236,2,0.353,245.987,890207,
89,2,7,108,245.737,2,,,890207,
89,2,8,109,240.435,2,,,890208,
89,2,9,110,242.625,2,,,890209,
89,2,10,111,240.991,2,,,890210,
89,2,11,112,204.828,2,,,890211,
89,2,12,713,169.68,2,,,890212,
89,2,13,714,159.105,2,,,890213,
89,2,14,115,143.07,2,,,890214,
89,2,15,116,124.772,2,,,890215,
89,2,16,717,105.033,2,,,890216,
89,2,17,118,93.933,2,,,890217,
89,2,18,119,89.625,2,0.277,89.429,890218,
89,2,18,120,89.233,2,,,890218,
89,2,19,721,90.401,2,,,890219,
89,2,20,122,107.733,2,,,890220,
89,2,21,123,207.052,2,,,890221,
89,2,22,124,211.849,2,,,890222,
89,2,23,125,195.5,2,,,890223,
89,2,24,726,195.049,2,,,890224,
90,1,1,701,220.307,2,,,900101,
90,1,2,102,221.768,2,,,900102,
90,1,3,103,224.217,2,0.305,224.433,900103,
90,1,3,104,224.648,2,,,900103,
90,1,4,105,234.038,2,,,900104,
90,1,5,106,248.683,2,,,900105,
90,1,6,107,249.135,2,,,900106,
90,1,7,108,241.039,2,,,900107,
90,1,8,109,241.937,2,,,900108,
90,1,9,110,244.744,2,,,900109,
90,1,10,111,221.521,2,,,900110,
90,1,11,112,177.938,2,,,900111,
90,1,12,713,160.229,2,,,900112,
90,1,13,714,151.996,2,,,900113,
90,1,14,115,132.869,2,,,900114,
90,1,15,116,109.717,2,,,900115,
90,1,16,717,96.411,2,,,900116,
90,1,17,118,88.958,2,,,900117,
90,1,18,119,94.642,2,,,900118,
90,1,19,120,109.642,2,,,900119,
90,1,20,721,144.433,2,,,900120,
90,1,21,122,217.385,2,0.042,217.356,900121,
90,1,21,123,217.326,2,,,900121,
90,1,22,124,196.443,2,,,900122,
90,1,23,125,194.223,2,,,900123,
90,1,24,726,194.06,2,,,900124,
91,1,1,701,220.33,2,,,910101,"n>30, EP estimated via linear regression"
91,1,2,102,221.136,2,,,910102,
91,1,3,103,222.799,2,,,910103,
91,1,4,104,228.033,2,0.245,227.86,910104,
91,1,4,105,227.687,2,,,910104,
91,1,5,106,246.97,2,,,910105,
91,1,6,107,253.403,2,,,910106,
91,1,7,108,244.593,2,,,910107,
91,1,8,109,241.78,2,,,910108,"n>30, EP estimated via linear regression"
91,1,9,110,243.921,2,,,910109,
91,1,10,111,226.347,2,,,910110,
91,1,11,112,190.423,2,,,910111,
91,1,12,713,166.712,2,,,910112,
91,1,13,714,157.715,2,,,910113,
91,1,14,115,142.737,2,,,910114,
91,1,15,116,130.924,2,0.104,130.998,910115,
91,1,15,717,131.071,2,,,910115,
91,1,16,118,102.322,2,,,910116,
91,1,17,119,91.089,2,,,910117,
91,1,18,120,87.727,2,,,910118,
91,1,19,721,93.569,2,,,910119,
91,1,20,122,95.194,2,,,910120,
91,1,21,123,213.972,2,,,910121,
91,1,22,124,200.999,2,,,910122,
91,1,23,125,193.944,2,,,910123,
91,1,24,726,193.613,2,,,910124,
92,1,1,701,220.52,3,,,920101,tiny bubble in flask
92,1,2,102,220.718,2,,,920102,
92,1,3,103,221.88,2,,,920103,
92,1,4,104,225.901,2,,,920104,
92,1,5,105,239.678,2,,,920105,
92,1,6,106,254.047,2,,,920106,
92,1,7,107,247.449,2,0.467,247.119,920107,
92,1,7,108,246.788,2,,,920107,
92,1,8,109,241.588,2,,,920108,
92,1,9,110,244.236,2,,,920109,
92,1,10,111,239.495,2,,,920110,
92,1,11,112,211.156,2,,,920111,
92,1,12,713,177.231,2,,,920112,
92,1,13,714,159.415,2,,,920113,
92,1,14,115,148.113,2,,,920114,
92,1,15,116,133.23,2,,,920115,
92,1,16,717,108.234,2,,,920116,
92,1,17,118,91.099,2,0.067,91.052,920117,
92,1,17,119,91.004,2,,,920117,
92,1,18,120,86.282,3,,,920118,a lot of bubbles dispensed w/ MnCl2 dispenser
92,1,19,721,88.977,2,,,920119,
92,1,20,122,104.886,2,,,920120,
92,1,21,123,160.946,2,,,920121,
92,1,22,124,210.396,2,,,920122,
92,1,23,125,194.651,2,,,920123,
92,1,24,726,194.064,2,,,920124,
93,1,1,701,220.544,2,,,930101,
93,1,2,102,220.815,2,,,930102,
93,1,3,103,223.174,2,,,930103,
93,1,4,104,230.605,2,0.223,230.448,930104,
93,1,4,105,230.29,2,,,930104,
93,1,5,106,251.266,2,,,930105,
93,1,6,107,254.932,2,,,930106,
93,1,7,108,246.877,2,,,930107,
93,1,8,109,246.733,2,,,930108,
93,1,9,110,249.146,2,,,930109,
93,1,10,111,221.01,2,,,930110,
93,1,11,112,184.478,2,,,930111,
93,1,12,713,162.831,2,,,930112,
93,1,13,714,156.659,2,,,930113,
93,1,14,115,147.644,2,0.22,147.489,930114,
93,1,14,116,147.333,2,,,930114,
93,1,15,717,117.376,2,,,930115,
93,1,16,118,91.947,2,,,930116,
93,1,17,119,83.755,2,,,930117,
93,1,18,120,84.418,2,,,930118,
93,1,19,721,96.04,2,,,930119,
93,1,20,122,132.438,2,,,930120,
93,1,21,123,205.531,2,,,930121,
93,1,22,124,204.722,2,,,930122,
93,1,23,125,195.292,2,,,930123,
93,1,24,726,194.624,2,,,930124,
94,1,1,701,220.496,2,,,940101,
94,1,2,102,221.026,2,,,940102,
94,1,3,103,223.749,2,,,940103,
94,1,4,104,234.5,2,,,940104,
94,1,5,105,257.04,2,,,940105,
94,1,6,106,253.342,2,0.111,253.421,940106,
94,1,6,107,253.499,2,,,940106,
94,1,7,108,242.793,2,,,940107,
94,1,8,109,246.422,2,,,940108,
94,1,9,110,243.571,2,,,940109,
94,1,10,111,221.423,2,,,940110,
94,1,11,112,196.929,2,,,940111,
94,1,12,713,169.994,2,,,940112,
94,1,13,714,159.669,2,,,940113,
94,1,14,115,144.56,2,,,940114,
94,1,15,116,133.026,2,,,940115,
94,1,16,717,112.838,2,0.083,112.897,940116,
94,1,16,118,112.956,2,,,940116,
94,1,17,119,83.33,2,,,940117,
94,1,18,120,90.762,3,,,940118,seal lost big bubble 
94,1,19,721,90.889,2,,,940119,
94,1,20,122,105.098,2,,,940120,
94,1,21,123,198.894,2,,,940121,
94,1,22,124,203.527,2,,,940122,
94,1,23,125,194.04,2,,,940123,
94,1,24,726,193.834,2,,,940124,
95,1,1,701,220.955,2,,,950101,
95,1,2,102,220.789,2,,,950102,
95,1,3,103,221.115,2,,,950103,
95,1,4,104,225.076,2,,,950104,
95,1,5,105,240.862,2,,,950105,
95,1,6,106,257.018,2,,,950106,
95,1,7,107,250.169,2,,,950107,
95,1,8,108,242.699,2,,,950108,
95,1,9,109,249.433,2,,,950109,
95,1,10,110,240.696,2,,,950110,
95,1,11,111,207.356,2,0.238,207.525,950111,
95,1,11,112,207.693,2,,,950111,
95,1,12,713,175.122,2,,,950112,
95,1,13,714,159,2,,,950113,
95,1,14,115,151.047,2,,,950114,
95,1,15,116,137.455,2,,,950115,
95,1,16,717,122.466,2,,,950116,
95,1,17,118,97.701,2,,,950117,
95,1,18,119,79.98,2,,,950118,
95,1,19,120,95.858,2,,,950119,
95,1,20,721,100.593,2,,,950120,
95,1,21,122,146.281,2,0.3,146.069,950121,
95,1,21,123,145.857,2,,,950121,
95,1,22,124,207.075,2,,,950122,
95,1,23,125,197.338,2,,,950123,
95,1,24,726,193.388,2,,,950124,
96,2,1,701,220.458,3,,,960201,tiny bubbles in flask
96,2,2,102,220.673,2,,,960202,
96,2,3,103,222.509,2,,,960203,
96,2,4,104,231.598,3,,,960204,tiny bubbles in flask
96,2,5,105,256.375,2,,,960205,
96,2,6,106,253.429,2,,,960206,
96,2,7,107,243.096,2,,,960207,
96,2,8,108,248.928,2,,,960208,
96,2,9,109,245.101,2,0.453,245.422,960209,
96,2,9,110,245.742,2,,,960209,
96,2,10,111,222.089,2,,,960210,
96,2,11,112,183.538,4,,,960211,bubble in flask
96,2,12,713,161.901,2,,,960212,
96,2,13,714,150.679,2,,,960213,
96,2,14,115,139.279,2,,,960214,
96,2,15,116,122.674,2,,,960215,
96,2,16,717,99.348,2,,,960216,
96,2,17,118,93.34,2,,,960217,
96,2,18,119,98.8,4,,,960218,bubbles in flask
96,2,19,120,114.047,2,0.23,113.885,960219,
96,2,19,721,113.722,2,,,960219,
96,2,20,122,111.112,2,,,960220,
96,2,21,123,174.932,2,,,960221,
96,2,22,124,205.512,2,,,960222,
96,2,23,125,194.725,2,,,960223,
96,2,24,726,194.228,2,,,960224,
